purchase_order_id,supplier_id,order_date,expected_arrival_date,status,,,,,
1001,1004,10/30/2024,11/3/2024,Pending,"{1001,1004,LocalDate.of(2024,10,30),LocalDate.of(2024,11,3),""Pending""},","LocalDate.of(2024,10,30)","LocalDate.of(2024,11,3)","(2024,10,30)","(2024,11,3)"
1002,1012,1/6/2025,1/14/2025,Cancelled,"{1002,1012,LocalDate.of(2025,1,6),LocalDate.of(2025,1,14),""Cancelled""},","LocalDate.of(2025,1,6)","LocalDate.of(2025,1,14)","(2025,1,6)","(2025,1,14)"
1003,1063,6/27/2024,6/30/2024,Cancelled,"{1003,1063,LocalDate.of(2024,6,27),LocalDate.of(2024,6,30),""Cancelled""},","LocalDate.of(2024,6,27)","LocalDate.of(2024,6,30)","(2024,6,27)","(2024,6,30)"
1004,1084,10/14/2024,10/22/2024,Cancelled,"{1004,1084,LocalDate.of(2024,10,14),LocalDate.of(2024,10,22),""Cancelled""},","LocalDate.of(2024,10,14)","LocalDate.of(2024,10,22)","(2024,10,14)","(2024,10,22)"
1005,1014,5/21/2024,5/28/2024,Received,"{1005,1014,LocalDate.of(2024,5,21),LocalDate.of(2024,5,28),""Received""},","LocalDate.of(2024,5,21)","LocalDate.of(2024,5,28)","(2024,5,21)","(2024,5,28)"
1006,1051,4/13/2024,4/28/2024,Received,"{1006,1051,LocalDate.of(2024,4,13),LocalDate.of(2024,4,28),""Received""},","LocalDate.of(2024,4,13)","LocalDate.of(2024,4,28)","(2024,4,13)","(2024,4,28)"
1007,1027,8/13/2024,8/28/2024,Ordered,"{1007,1027,LocalDate.of(2024,8,13),LocalDate.of(2024,8,28),""Ordered""},","LocalDate.of(2024,8,13)","LocalDate.of(2024,8,28)","(2024,8,13)","(2024,8,28)"
1008,1095,11/27/2024,11/30/2024,Received,"{1008,1095,LocalDate.of(2024,11,27),LocalDate.of(2024,11,30),""Received""},","LocalDate.of(2024,11,27)","LocalDate.of(2024,11,30)","(2024,11,27)","(2024,11,30)"
1009,1037,3/1/2024,3/16/2024,Pending,"{1009,1037,LocalDate.of(2024,3,1),LocalDate.of(2024,3,16),""Pending""},","LocalDate.of(2024,3,1)","LocalDate.of(2024,3,16)","(2024,3,1)","(2024,3,16)"
1010,1096,6/14/2024,6/17/2024,Received,"{1010,1096,LocalDate.of(2024,6,14),LocalDate.of(2024,6,17),""Received""},","LocalDate.of(2024,6,14)","LocalDate.of(2024,6,17)","(2024,6,14)","(2024,6,17)"
1011,1081,12/5/2024,12/8/2024,Ordered,"{1011,1081,LocalDate.of(2024,12,5),LocalDate.of(2024,12,8),""Ordered""},","LocalDate.of(2024,12,5)","LocalDate.of(2024,12,8)","(2024,12,5)","(2024,12,8)"
1012,1032,12/23/2024,12/26/2024,Pending,"{1012,1032,LocalDate.of(2024,12,23),LocalDate.of(2024,12,26),""Pending""},","LocalDate.of(2024,12,23)","LocalDate.of(2024,12,26)","(2024,12,23)","(2024,12,26)"
1013,1069,11/25/2024,12/8/2024,Cancelled,"{1013,1069,LocalDate.of(2024,11,25),LocalDate.of(2024,12,8),""Cancelled""},","LocalDate.of(2024,11,25)","LocalDate.of(2024,12,8)","(2024,11,25)","(2024,12,8)"
1014,1072,2/13/2024,2/28/2024,Received,"{1014,1072,LocalDate.of(2024,2,13),LocalDate.of(2024,2,28),""Received""},","LocalDate.of(2024,2,13)","LocalDate.of(2024,2,28)","(2024,2,13)","(2024,2,28)"
1015,1036,11/21/2024,12/3/2024,Ordered,"{1015,1036,LocalDate.of(2024,11,21),LocalDate.of(2024,12,3),""Ordered""},","LocalDate.of(2024,11,21)","LocalDate.of(2024,12,3)","(2024,11,21)","(2024,12,3)"
1016,1040,7/19/2024,7/24/2024,Ordered,"{1016,1040,LocalDate.of(2024,7,19),LocalDate.of(2024,7,24),""Ordered""},","LocalDate.of(2024,7,19)","LocalDate.of(2024,7,24)","(2024,7,19)","(2024,7,24)"
1017,1018,4/10/2024,4/17/2024,Pending,"{1017,1018,LocalDate.of(2024,4,10),LocalDate.of(2024,4,17),""Pending""},","LocalDate.of(2024,4,10)","LocalDate.of(2024,4,17)","(2024,4,10)","(2024,4,17)"
1018,1025,4/26/2024,5/2/2024,Cancelled,"{1018,1025,LocalDate.of(2024,4,26),LocalDate.of(2024,5,2),""Cancelled""},","LocalDate.of(2024,4,26)","LocalDate.of(2024,5,2)","(2024,4,26)","(2024,5,2)"
1019,1056,3/3/2024,3/13/2024,Pending,"{1019,1056,LocalDate.of(2024,3,3),LocalDate.of(2024,3,13),""Pending""},","LocalDate.of(2024,3,3)","LocalDate.of(2024,3,13)","(2024,3,3)","(2024,3,13)"
1020,1005,8/29/2024,9/6/2024,Cancelled,"{1020,1005,LocalDate.of(2024,8,29),LocalDate.of(2024,9,6),""Cancelled""},","LocalDate.of(2024,8,29)","LocalDate.of(2024,9,6)","(2024,8,29)","(2024,9,6)"
1021,1046,1/31/2024,2/15/2024,Ordered,"{1021,1046,LocalDate.of(2024,1,31),LocalDate.of(2024,2,15),""Ordered""},","LocalDate.of(2024,1,31)","LocalDate.of(2024,2,15)","(2024,1,31)","(2024,2,15)"
1022,1046,5/22/2024,5/28/2024,Cancelled,"{1022,1046,LocalDate.of(2024,5,22),LocalDate.of(2024,5,28),""Cancelled""},","LocalDate.of(2024,5,22)","LocalDate.of(2024,5,28)","(2024,5,22)","(2024,5,28)"
1023,1077,11/8/2024,11/16/2024,Cancelled,"{1023,1077,LocalDate.of(2024,11,8),LocalDate.of(2024,11,16),""Cancelled""},","LocalDate.of(2024,11,8)","LocalDate.of(2024,11,16)","(2024,11,8)","(2024,11,16)"
1024,1027,1/29/2024,2/3/2024,Cancelled,"{1024,1027,LocalDate.of(2024,1,29),LocalDate.of(2024,2,3),""Cancelled""},","LocalDate.of(2024,1,29)","LocalDate.of(2024,2,3)","(2024,1,29)","(2024,2,3)"
1025,1098,2/9/2024,2/14/2024,Ordered,"{1025,1098,LocalDate.of(2024,2,9),LocalDate.of(2024,2,14),""Ordered""},","LocalDate.of(2024,2,9)","LocalDate.of(2024,2,14)","(2024,2,9)","(2024,2,14)"
1026,1023,10/28/2024,10/31/2024,Ordered,"{1026,1023,LocalDate.of(2024,10,28),LocalDate.of(2024,10,31),""Ordered""},","LocalDate.of(2024,10,28)","LocalDate.of(2024,10,31)","(2024,10,28)","(2024,10,31)"
1027,1046,12/8/2024,12/11/2024,Ordered,"{1027,1046,LocalDate.of(2024,12,8),LocalDate.of(2024,12,11),""Ordered""},","LocalDate.of(2024,12,8)","LocalDate.of(2024,12,11)","(2024,12,8)","(2024,12,11)"
1028,1092,10/30/2024,11/6/2024,Cancelled,"{1028,1092,LocalDate.of(2024,10,30),LocalDate.of(2024,11,6),""Cancelled""},","LocalDate.of(2024,10,30)","LocalDate.of(2024,11,6)","(2024,10,30)","(2024,11,6)"
1029,1070,4/23/2024,4/27/2024,Pending,"{1029,1070,LocalDate.of(2024,4,23),LocalDate.of(2024,4,27),""Pending""},","LocalDate.of(2024,4,23)","LocalDate.of(2024,4,27)","(2024,4,23)","(2024,4,27)"
1030,1012,5/28/2024,5/31/2024,Pending,"{1030,1012,LocalDate.of(2024,5,28),LocalDate.of(2024,5,31),""Pending""},","LocalDate.of(2024,5,28)","LocalDate.of(2024,5,31)","(2024,5,28)","(2024,5,31)"
1031,1061,10/12/2024,10/15/2024,Cancelled,"{1031,1061,LocalDate.of(2024,10,12),LocalDate.of(2024,10,15),""Cancelled""},","LocalDate.of(2024,10,12)","LocalDate.of(2024,10,15)","(2024,10,12)","(2024,10,15)"
1032,1078,11/10/2024,11/20/2024,Ordered,"{1032,1078,LocalDate.of(2024,11,10),LocalDate.of(2024,11,20),""Ordered""},","LocalDate.of(2024,11,10)","LocalDate.of(2024,11,20)","(2024,11,10)","(2024,11,20)"
1033,1022,3/17/2024,3/29/2024,Cancelled,"{1033,1022,LocalDate.of(2024,3,17),LocalDate.of(2024,3,29),""Cancelled""},","LocalDate.of(2024,3,17)","LocalDate.of(2024,3,29)","(2024,3,17)","(2024,3,29)"
1034,1083,10/21/2024,10/29/2024,Cancelled,"{1034,1083,LocalDate.of(2024,10,21),LocalDate.of(2024,10,29),""Cancelled""},","LocalDate.of(2024,10,21)","LocalDate.of(2024,10,29)","(2024,10,21)","(2024,10,29)"
1035,1067,7/25/2024,8/9/2024,Ordered,"{1035,1067,LocalDate.of(2024,7,25),LocalDate.of(2024,8,9),""Ordered""},","LocalDate.of(2024,7,25)","LocalDate.of(2024,8,9)","(2024,7,25)","(2024,8,9)"
1036,1014,1/23/2025,1/28/2025,Cancelled,"{1036,1014,LocalDate.of(2025,1,23),LocalDate.of(2025,1,28),""Cancelled""},","LocalDate.of(2025,1,23)","LocalDate.of(2025,1,28)","(2025,1,23)","(2025,1,28)"
1037,1093,8/11/2024,8/14/2024,Received,"{1037,1093,LocalDate.of(2024,8,11),LocalDate.of(2024,8,14),""Received""},","LocalDate.of(2024,8,11)","LocalDate.of(2024,8,14)","(2024,8,11)","(2024,8,14)"
1038,1023,9/23/2024,9/27/2024,Ordered,"{1038,1023,LocalDate.of(2024,9,23),LocalDate.of(2024,9,27),""Ordered""},","LocalDate.of(2024,9,23)","LocalDate.of(2024,9,27)","(2024,9,23)","(2024,9,27)"
1039,1022,7/5/2024,7/13/2024,Received,"{1039,1022,LocalDate.of(2024,7,5),LocalDate.of(2024,7,13),""Received""},","LocalDate.of(2024,7,5)","LocalDate.of(2024,7,13)","(2024,7,5)","(2024,7,13)"
1040,1072,4/15/2024,4/23/2024,Cancelled,"{1040,1072,LocalDate.of(2024,4,15),LocalDate.of(2024,4,23),""Cancelled""},","LocalDate.of(2024,4,15)","LocalDate.of(2024,4,23)","(2024,4,15)","(2024,4,23)"
1041,1036,6/26/2024,7/5/2024,Cancelled,"{1041,1036,LocalDate.of(2024,6,26),LocalDate.of(2024,7,5),""Cancelled""},","LocalDate.of(2024,6,26)","LocalDate.of(2024,7,5)","(2024,6,26)","(2024,7,5)"
1042,1087,5/8/2024,5/21/2024,Cancelled,"{1042,1087,LocalDate.of(2024,5,8),LocalDate.of(2024,5,21),""Cancelled""},","LocalDate.of(2024,5,8)","LocalDate.of(2024,5,21)","(2024,5,8)","(2024,5,21)"
1043,1081,6/28/2024,7/13/2024,Pending,"{1043,1081,LocalDate.of(2024,6,28),LocalDate.of(2024,7,13),""Pending""},","LocalDate.of(2024,6,28)","LocalDate.of(2024,7,13)","(2024,6,28)","(2024,7,13)"
1044,1053,8/2/2024,8/9/2024,Ordered,"{1044,1053,LocalDate.of(2024,8,2),LocalDate.of(2024,8,9),""Ordered""},","LocalDate.of(2024,8,2)","LocalDate.of(2024,8,9)","(2024,8,2)","(2024,8,9)"
1045,1009,7/5/2024,7/20/2024,Cancelled,"{1045,1009,LocalDate.of(2024,7,5),LocalDate.of(2024,7,20),""Cancelled""},","LocalDate.of(2024,7,5)","LocalDate.of(2024,7,20)","(2024,7,5)","(2024,7,20)"
1046,1002,10/9/2024,10/13/2024,Cancelled,"{1046,1002,LocalDate.of(2024,10,9),LocalDate.of(2024,10,13),""Cancelled""},","LocalDate.of(2024,10,9)","LocalDate.of(2024,10,13)","(2024,10,9)","(2024,10,13)"
1047,1068,7/27/2024,8/10/2024,Received,"{1047,1068,LocalDate.of(2024,7,27),LocalDate.of(2024,8,10),""Received""},","LocalDate.of(2024,7,27)","LocalDate.of(2024,8,10)","(2024,7,27)","(2024,8,10)"
1048,1061,4/24/2024,5/4/2024,Pending,"{1048,1061,LocalDate.of(2024,4,24),LocalDate.of(2024,5,4),""Pending""},","LocalDate.of(2024,4,24)","LocalDate.of(2024,5,4)","(2024,4,24)","(2024,5,4)"
1049,1028,3/19/2024,4/3/2024,Pending,"{1049,1028,LocalDate.of(2024,3,19),LocalDate.of(2024,4,3),""Pending""},","LocalDate.of(2024,3,19)","LocalDate.of(2024,4,3)","(2024,3,19)","(2024,4,3)"
1050,1008,3/4/2024,3/13/2024,Cancelled,"{1050,1008,LocalDate.of(2024,3,4),LocalDate.of(2024,3,13),""Cancelled""},","LocalDate.of(2024,3,4)","LocalDate.of(2024,3,13)","(2024,3,4)","(2024,3,13)"
1051,1098,9/1/2024,9/11/2024,Ordered,"{1051,1098,LocalDate.of(2024,9,1),LocalDate.of(2024,9,11),""Ordered""},","LocalDate.of(2024,9,1)","LocalDate.of(2024,9,11)","(2024,9,1)","(2024,9,11)"
1052,1094,11/28/2024,12/6/2024,Ordered,"{1052,1094,LocalDate.of(2024,11,28),LocalDate.of(2024,12,6),""Ordered""},","LocalDate.of(2024,11,28)","LocalDate.of(2024,12,6)","(2024,11,28)","(2024,12,6)"
1053,1001,3/30/2024,4/2/2024,Cancelled,"{1053,1001,LocalDate.of(2024,3,30),LocalDate.of(2024,4,2),""Cancelled""},","LocalDate.of(2024,3,30)","LocalDate.of(2024,4,2)","(2024,3,30)","(2024,4,2)"
1054,1033,4/23/2024,5/3/2024,Ordered,"{1054,1033,LocalDate.of(2024,4,23),LocalDate.of(2024,5,3),""Ordered""},","LocalDate.of(2024,4,23)","LocalDate.of(2024,5,3)","(2024,4,23)","(2024,5,3)"
1055,1033,10/11/2024,10/14/2024,Cancelled,"{1055,1033,LocalDate.of(2024,10,11),LocalDate.of(2024,10,14),""Cancelled""},","LocalDate.of(2024,10,11)","LocalDate.of(2024,10,14)","(2024,10,11)","(2024,10,14)"
1056,1092,11/19/2024,11/27/2024,Pending,"{1056,1092,LocalDate.of(2024,11,19),LocalDate.of(2024,11,27),""Pending""},","LocalDate.of(2024,11,19)","LocalDate.of(2024,11,27)","(2024,11,19)","(2024,11,27)"
1057,1022,2/26/2024,3/8/2024,Pending,"{1057,1022,LocalDate.of(2024,2,26),LocalDate.of(2024,3,8),""Pending""},","LocalDate.of(2024,2,26)","LocalDate.of(2024,3,8)","(2024,2,26)","(2024,3,8)"
1058,1050,10/4/2024,10/8/2024,Pending,"{1058,1050,LocalDate.of(2024,10,4),LocalDate.of(2024,10,8),""Pending""},","LocalDate.of(2024,10,4)","LocalDate.of(2024,10,8)","(2024,10,4)","(2024,10,8)"
1059,1086,8/3/2024,8/8/2024,Pending,"{1059,1086,LocalDate.of(2024,8,3),LocalDate.of(2024,8,8),""Pending""},","LocalDate.of(2024,8,3)","LocalDate.of(2024,8,8)","(2024,8,3)","(2024,8,8)"
1060,1048,5/12/2024,5/16/2024,Received,"{1060,1048,LocalDate.of(2024,5,12),LocalDate.of(2024,5,16),""Received""},","LocalDate.of(2024,5,12)","LocalDate.of(2024,5,16)","(2024,5,12)","(2024,5,16)"
1061,1084,9/3/2024,9/14/2024,Cancelled,"{1061,1084,LocalDate.of(2024,9,3),LocalDate.of(2024,9,14),""Cancelled""},","LocalDate.of(2024,9,3)","LocalDate.of(2024,9,14)","(2024,9,3)","(2024,9,14)"
1062,1038,3/15/2024,3/29/2024,Received,"{1062,1038,LocalDate.of(2024,3,15),LocalDate.of(2024,3,29),""Received""},","LocalDate.of(2024,3,15)","LocalDate.of(2024,3,29)","(2024,3,15)","(2024,3,29)"
1063,1092,5/16/2024,5/28/2024,Received,"{1063,1092,LocalDate.of(2024,5,16),LocalDate.of(2024,5,28),""Received""},","LocalDate.of(2024,5,16)","LocalDate.of(2024,5,28)","(2024,5,16)","(2024,5,28)"
1064,1093,3/18/2024,3/24/2024,Ordered,"{1064,1093,LocalDate.of(2024,3,18),LocalDate.of(2024,3,24),""Ordered""},","LocalDate.of(2024,3,18)","LocalDate.of(2024,3,24)","(2024,3,18)","(2024,3,24)"
1065,1059,8/24/2024,8/31/2024,Received,"{1065,1059,LocalDate.of(2024,8,24),LocalDate.of(2024,8,31),""Received""},","LocalDate.of(2024,8,24)","LocalDate.of(2024,8,31)","(2024,8,24)","(2024,8,31)"
1066,1004,4/27/2024,5/9/2024,Received,"{1066,1004,LocalDate.of(2024,4,27),LocalDate.of(2024,5,9),""Received""},","LocalDate.of(2024,4,27)","LocalDate.of(2024,5,9)","(2024,4,27)","(2024,5,9)"
1067,1080,3/29/2024,4/3/2024,Ordered,"{1067,1080,LocalDate.of(2024,3,29),LocalDate.of(2024,4,3),""Ordered""},","LocalDate.of(2024,3,29)","LocalDate.of(2024,4,3)","(2024,3,29)","(2024,4,3)"
1068,1054,2/1/2024,2/9/2024,Pending,"{1068,1054,LocalDate.of(2024,2,1),LocalDate.of(2024,2,9),""Pending""},","LocalDate.of(2024,2,1)","LocalDate.of(2024,2,9)","(2024,2,1)","(2024,2,9)"
1069,1086,7/27/2024,8/6/2024,Cancelled,"{1069,1086,LocalDate.of(2024,7,27),LocalDate.of(2024,8,6),""Cancelled""},","LocalDate.of(2024,7,27)","LocalDate.of(2024,8,6)","(2024,7,27)","(2024,8,6)"
1070,1077,12/26/2024,1/4/2025,Received,"{1070,1077,LocalDate.of(2024,12,26),LocalDate.of(2025,1,4),""Received""},","LocalDate.of(2024,12,26)","LocalDate.of(2025,1,4)","(2024,12,26)","(2025,1,4)"
1071,1038,6/7/2024,6/22/2024,Cancelled,"{1071,1038,LocalDate.of(2024,6,7),LocalDate.of(2024,6,22),""Cancelled""},","LocalDate.of(2024,6,7)","LocalDate.of(2024,6,22)","(2024,6,7)","(2024,6,22)"
1072,1011,3/4/2024,3/13/2024,Ordered,"{1072,1011,LocalDate.of(2024,3,4),LocalDate.of(2024,3,13),""Ordered""},","LocalDate.of(2024,3,4)","LocalDate.of(2024,3,13)","(2024,3,4)","(2024,3,13)"
1073,1100,11/9/2024,11/13/2024,Ordered,"{1073,1100,LocalDate.of(2024,11,9),LocalDate.of(2024,11,13),""Ordered""},","LocalDate.of(2024,11,9)","LocalDate.of(2024,11,13)","(2024,11,9)","(2024,11,13)"
1074,1078,1/20/2025,2/1/2025,Received,"{1074,1078,LocalDate.of(2025,1,20),LocalDate.of(2025,2,1),""Received""},","LocalDate.of(2025,1,20)","LocalDate.of(2025,2,1)","(2025,1,20)","(2025,2,1)"
1075,1025,5/4/2024,5/19/2024,Cancelled,"{1075,1025,LocalDate.of(2024,5,4),LocalDate.of(2024,5,19),""Cancelled""},","LocalDate.of(2024,5,4)","LocalDate.of(2024,5,19)","(2024,5,4)","(2024,5,19)"
1076,1020,8/7/2024,8/12/2024,Received,"{1076,1020,LocalDate.of(2024,8,7),LocalDate.of(2024,8,12),""Received""},","LocalDate.of(2024,8,7)","LocalDate.of(2024,8,12)","(2024,8,7)","(2024,8,12)"
1077,1017,1/5/2025,1/20/2025,Cancelled,"{1077,1017,LocalDate.of(2025,1,5),LocalDate.of(2025,1,20),""Cancelled""},","LocalDate.of(2025,1,5)","LocalDate.of(2025,1,20)","(2025,1,5)","(2025,1,20)"
1078,1097,4/20/2024,5/5/2024,Pending,"{1078,1097,LocalDate.of(2024,4,20),LocalDate.of(2024,5,5),""Pending""},","LocalDate.of(2024,4,20)","LocalDate.of(2024,5,5)","(2024,4,20)","(2024,5,5)"
1079,1057,10/31/2024,11/15/2024,Ordered,"{1079,1057,LocalDate.of(2024,10,31),LocalDate.of(2024,11,15),""Ordered""},","LocalDate.of(2024,10,31)","LocalDate.of(2024,11,15)","(2024,10,31)","(2024,11,15)"
1080,1077,9/15/2024,9/18/2024,Ordered,"{1080,1077,LocalDate.of(2024,9,15),LocalDate.of(2024,9,18),""Ordered""},","LocalDate.of(2024,9,15)","LocalDate.of(2024,9,18)","(2024,9,15)","(2024,9,18)"
1081,1050,11/24/2024,12/9/2024,Cancelled,"{1081,1050,LocalDate.of(2024,11,24),LocalDate.of(2024,12,9),""Cancelled""},","LocalDate.of(2024,11,24)","LocalDate.of(2024,12,9)","(2024,11,24)","(2024,12,9)"
1082,1048,8/7/2024,8/21/2024,Pending,"{1082,1048,LocalDate.of(2024,8,7),LocalDate.of(2024,8,21),""Pending""},","LocalDate.of(2024,8,7)","LocalDate.of(2024,8,21)","(2024,8,7)","(2024,8,21)"
1083,1018,10/19/2024,10/30/2024,Received,"{1083,1018,LocalDate.of(2024,10,19),LocalDate.of(2024,10,30),""Received""},","LocalDate.of(2024,10,19)","LocalDate.of(2024,10,30)","(2024,10,19)","(2024,10,30)"
1084,1095,10/15/2024,10/22/2024,Cancelled,"{1084,1095,LocalDate.of(2024,10,15),LocalDate.of(2024,10,22),""Cancelled""},","LocalDate.of(2024,10,15)","LocalDate.of(2024,10,22)","(2024,10,15)","(2024,10,22)"
1085,1083,11/2/2024,11/13/2024,Cancelled,"{1085,1083,LocalDate.of(2024,11,2),LocalDate.of(2024,11,13),""Cancelled""},","LocalDate.of(2024,11,2)","LocalDate.of(2024,11,13)","(2024,11,2)","(2024,11,13)"
1086,1090,5/2/2024,5/9/2024,Received,"{1086,1090,LocalDate.of(2024,5,2),LocalDate.of(2024,5,9),""Received""},","LocalDate.of(2024,5,2)","LocalDate.of(2024,5,9)","(2024,5,2)","(2024,5,9)"
1087,1024,1/23/2025,2/4/2025,Cancelled,"{1087,1024,LocalDate.of(2025,1,23),LocalDate.of(2025,2,4),""Cancelled""},","LocalDate.of(2025,1,23)","LocalDate.of(2025,2,4)","(2025,1,23)","(2025,2,4)"
1088,1087,6/12/2024,6/16/2024,Pending,"{1088,1087,LocalDate.of(2024,6,12),LocalDate.of(2024,6,16),""Pending""},","LocalDate.of(2024,6,12)","LocalDate.of(2024,6,16)","(2024,6,12)","(2024,6,16)"
1089,1019,12/27/2024,1/8/2025,Pending,"{1089,1019,LocalDate.of(2024,12,27),LocalDate.of(2025,1,8),""Pending""},","LocalDate.of(2024,12,27)","LocalDate.of(2025,1,8)","(2024,12,27)","(2025,1,8)"
1090,1042,7/7/2024,7/18/2024,Received,"{1090,1042,LocalDate.of(2024,7,7),LocalDate.of(2024,7,18),""Received""},","LocalDate.of(2024,7,7)","LocalDate.of(2024,7,18)","(2024,7,7)","(2024,7,18)"
1091,1019,11/4/2024,11/9/2024,Pending,"{1091,1019,LocalDate.of(2024,11,4),LocalDate.of(2024,11,9),""Pending""},","LocalDate.of(2024,11,4)","LocalDate.of(2024,11,9)","(2024,11,4)","(2024,11,9)"
1092,1008,9/22/2024,9/26/2024,Received,"{1092,1008,LocalDate.of(2024,9,22),LocalDate.of(2024,9,26),""Received""},","LocalDate.of(2024,9,22)","LocalDate.of(2024,9,26)","(2024,9,22)","(2024,9,26)"
1093,1011,6/18/2024,7/2/2024,Pending,"{1093,1011,LocalDate.of(2024,6,18),LocalDate.of(2024,7,2),""Pending""},","LocalDate.of(2024,6,18)","LocalDate.of(2024,7,2)","(2024,6,18)","(2024,7,2)"
1094,1051,4/4/2024,4/10/2024,Ordered,"{1094,1051,LocalDate.of(2024,4,4),LocalDate.of(2024,4,10),""Ordered""},","LocalDate.of(2024,4,4)","LocalDate.of(2024,4,10)","(2024,4,4)","(2024,4,10)"
1095,1055,6/18/2024,6/26/2024,Cancelled,"{1095,1055,LocalDate.of(2024,6,18),LocalDate.of(2024,6,26),""Cancelled""},","LocalDate.of(2024,6,18)","LocalDate.of(2024,6,26)","(2024,6,18)","(2024,6,26)"
1096,1026,8/7/2024,8/19/2024,Ordered,"{1096,1026,LocalDate.of(2024,8,7),LocalDate.of(2024,8,19),""Ordered""},","LocalDate.of(2024,8,7)","LocalDate.of(2024,8,19)","(2024,8,7)","(2024,8,19)"
1097,1073,3/11/2024,3/15/2024,Ordered,"{1097,1073,LocalDate.of(2024,3,11),LocalDate.of(2024,3,15),""Ordered""},","LocalDate.of(2024,3,11)","LocalDate.of(2024,3,15)","(2024,3,11)","(2024,3,15)"
1098,1015,8/23/2024,8/26/2024,Pending,"{1098,1015,LocalDate.of(2024,8,23),LocalDate.of(2024,8,26),""Pending""},","LocalDate.of(2024,8,23)","LocalDate.of(2024,8,26)","(2024,8,23)","(2024,8,26)"
1099,1062,8/2/2024,8/17/2024,Ordered,"{1099,1062,LocalDate.of(2024,8,2),LocalDate.of(2024,8,17),""Ordered""},","LocalDate.of(2024,8,2)","LocalDate.of(2024,8,17)","(2024,8,2)","(2024,8,17)"
1100,1033,5/26/2024,6/9/2024,Ordered,"{1100,1033,LocalDate.of(2024,5,26),LocalDate.of(2024,6,9),""Ordered""},","LocalDate.of(2024,5,26)","LocalDate.of(2024,6,9)","(2024,5,26)","(2024,6,9)"
1101,1027,10/1/2024,10/12/2024,Ordered,"{1101,1027,LocalDate.of(2024,10,1),LocalDate.of(2024,10,12),""Ordered""},","LocalDate.of(2024,10,1)","LocalDate.of(2024,10,12)","(2024,10,1)","(2024,10,12)"
1102,1074,8/13/2024,8/23/2024,Ordered,"{1102,1074,LocalDate.of(2024,8,13),LocalDate.of(2024,8,23),""Ordered""},","LocalDate.of(2024,8,13)","LocalDate.of(2024,8,23)","(2024,8,13)","(2024,8,23)"
1103,1092,12/4/2024,12/7/2024,Cancelled,"{1103,1092,LocalDate.of(2024,12,4),LocalDate.of(2024,12,7),""Cancelled""},","LocalDate.of(2024,12,4)","LocalDate.of(2024,12,7)","(2024,12,4)","(2024,12,7)"
1104,1033,5/25/2024,6/3/2024,Received,"{1104,1033,LocalDate.of(2024,5,25),LocalDate.of(2024,6,3),""Received""},","LocalDate.of(2024,5,25)","LocalDate.of(2024,6,3)","(2024,5,25)","(2024,6,3)"
1105,1020,8/1/2024,8/8/2024,Pending,"{1105,1020,LocalDate.of(2024,8,1),LocalDate.of(2024,8,8),""Pending""},","LocalDate.of(2024,8,1)","LocalDate.of(2024,8,8)","(2024,8,1)","(2024,8,8)"
1106,1011,3/7/2024,3/21/2024,Cancelled,"{1106,1011,LocalDate.of(2024,3,7),LocalDate.of(2024,3,21),""Cancelled""},","LocalDate.of(2024,3,7)","LocalDate.of(2024,3,21)","(2024,3,7)","(2024,3,21)"
1107,1047,4/25/2024,5/5/2024,Pending,"{1107,1047,LocalDate.of(2024,4,25),LocalDate.of(2024,5,5),""Pending""},","LocalDate.of(2024,4,25)","LocalDate.of(2024,5,5)","(2024,4,25)","(2024,5,5)"
1108,1093,3/14/2024,3/21/2024,Received,"{1108,1093,LocalDate.of(2024,3,14),LocalDate.of(2024,3,21),""Received""},","LocalDate.of(2024,3,14)","LocalDate.of(2024,3,21)","(2024,3,14)","(2024,3,21)"
1109,1063,1/5/2025,1/12/2025,Cancelled,"{1109,1063,LocalDate.of(2025,1,5),LocalDate.of(2025,1,12),""Cancelled""},","LocalDate.of(2025,1,5)","LocalDate.of(2025,1,12)","(2025,1,5)","(2025,1,12)"
1110,1017,4/11/2024,4/16/2024,Ordered,"{1110,1017,LocalDate.of(2024,4,11),LocalDate.of(2024,4,16),""Ordered""},","LocalDate.of(2024,4,11)","LocalDate.of(2024,4,16)","(2024,4,11)","(2024,4,16)"
1111,1011,1/22/2025,2/1/2025,Received,"{1111,1011,LocalDate.of(2025,1,22),LocalDate.of(2025,2,1),""Received""},","LocalDate.of(2025,1,22)","LocalDate.of(2025,2,1)","(2025,1,22)","(2025,2,1)"
1112,1090,11/18/2024,11/25/2024,Cancelled,"{1112,1090,LocalDate.of(2024,11,18),LocalDate.of(2024,11,25),""Cancelled""},","LocalDate.of(2024,11,18)","LocalDate.of(2024,11,25)","(2024,11,18)","(2024,11,25)"
1113,1022,12/3/2024,12/10/2024,Received,"{1113,1022,LocalDate.of(2024,12,3),LocalDate.of(2024,12,10),""Received""},","LocalDate.of(2024,12,3)","LocalDate.of(2024,12,10)","(2024,12,3)","(2024,12,10)"
1114,1082,1/23/2025,2/2/2025,Ordered,"{1114,1082,LocalDate.of(2025,1,23),LocalDate.of(2025,2,2),""Ordered""},","LocalDate.of(2025,1,23)","LocalDate.of(2025,2,2)","(2025,1,23)","(2025,2,2)"
1115,1046,7/29/2024,8/2/2024,Pending,"{1115,1046,LocalDate.of(2024,7,29),LocalDate.of(2024,8,2),""Pending""},","LocalDate.of(2024,7,29)","LocalDate.of(2024,8,2)","(2024,7,29)","(2024,8,2)"
1116,1006,10/25/2024,11/1/2024,Pending,"{1116,1006,LocalDate.of(2024,10,25),LocalDate.of(2024,11,1),""Pending""},","LocalDate.of(2024,10,25)","LocalDate.of(2024,11,1)","(2024,10,25)","(2024,11,1)"
1117,1062,1/1/2025,1/13/2025,Ordered,"{1117,1062,LocalDate.of(2025,1,1),LocalDate.of(2025,1,13),""Ordered""},","LocalDate.of(2025,1,1)","LocalDate.of(2025,1,13)","(2025,1,1)","(2025,1,13)"
1118,1072,8/18/2024,8/27/2024,Received,"{1118,1072,LocalDate.of(2024,8,18),LocalDate.of(2024,8,27),""Received""},","LocalDate.of(2024,8,18)","LocalDate.of(2024,8,27)","(2024,8,18)","(2024,8,27)"
1119,1074,1/13/2025,1/22/2025,Pending,"{1119,1074,LocalDate.of(2025,1,13),LocalDate.of(2025,1,22),""Pending""},","LocalDate.of(2025,1,13)","LocalDate.of(2025,1,22)","(2025,1,13)","(2025,1,22)"
1120,1004,3/14/2024,3/27/2024,Ordered,"{1120,1004,LocalDate.of(2024,3,14),LocalDate.of(2024,3,27),""Ordered""},","LocalDate.of(2024,3,14)","LocalDate.of(2024,3,27)","(2024,3,14)","(2024,3,27)"
1121,1036,5/31/2024,6/9/2024,Received,"{1121,1036,LocalDate.of(2024,5,31),LocalDate.of(2024,6,9),""Received""},","LocalDate.of(2024,5,31)","LocalDate.of(2024,6,9)","(2024,5,31)","(2024,6,9)"
1122,1038,3/2/2024,3/5/2024,Ordered,"{1122,1038,LocalDate.of(2024,3,2),LocalDate.of(2024,3,5),""Ordered""},","LocalDate.of(2024,3,2)","LocalDate.of(2024,3,5)","(2024,3,2)","(2024,3,5)"
1123,1046,9/14/2024,9/28/2024,Received,"{1123,1046,LocalDate.of(2024,9,14),LocalDate.of(2024,9,28),""Received""},","LocalDate.of(2024,9,14)","LocalDate.of(2024,9,28)","(2024,9,14)","(2024,9,28)"
1124,1011,9/3/2024,9/12/2024,Ordered,"{1124,1011,LocalDate.of(2024,9,3),LocalDate.of(2024,9,12),""Ordered""},","LocalDate.of(2024,9,3)","LocalDate.of(2024,9,12)","(2024,9,3)","(2024,9,12)"
1125,1094,10/8/2024,10/23/2024,Received,"{1125,1094,LocalDate.of(2024,10,8),LocalDate.of(2024,10,23),""Received""},","LocalDate.of(2024,10,8)","LocalDate.of(2024,10,23)","(2024,10,8)","(2024,10,23)"
1126,1009,1/19/2025,1/27/2025,Cancelled,"{1126,1009,LocalDate.of(2025,1,19),LocalDate.of(2025,1,27),""Cancelled""},","LocalDate.of(2025,1,19)","LocalDate.of(2025,1,27)","(2025,1,19)","(2025,1,27)"
1127,1036,10/7/2024,10/20/2024,Pending,"{1127,1036,LocalDate.of(2024,10,7),LocalDate.of(2024,10,20),""Pending""},","LocalDate.of(2024,10,7)","LocalDate.of(2024,10,20)","(2024,10,7)","(2024,10,20)"
1128,1049,12/9/2024,12/19/2024,Received,"{1128,1049,LocalDate.of(2024,12,9),LocalDate.of(2024,12,19),""Received""},","LocalDate.of(2024,12,9)","LocalDate.of(2024,12,19)","(2024,12,9)","(2024,12,19)"
1129,1014,6/26/2024,7/6/2024,Received,"{1129,1014,LocalDate.of(2024,6,26),LocalDate.of(2024,7,6),""Received""},","LocalDate.of(2024,6,26)","LocalDate.of(2024,7,6)","(2024,6,26)","(2024,7,6)"
1130,1020,12/4/2024,12/16/2024,Cancelled,"{1130,1020,LocalDate.of(2024,12,4),LocalDate.of(2024,12,16),""Cancelled""},","LocalDate.of(2024,12,4)","LocalDate.of(2024,12,16)","(2024,12,4)","(2024,12,16)"
1131,1083,9/23/2024,10/4/2024,Pending,"{1131,1083,LocalDate.of(2024,9,23),LocalDate.of(2024,10,4),""Pending""},","LocalDate.of(2024,9,23)","LocalDate.of(2024,10,4)","(2024,9,23)","(2024,10,4)"
1132,1093,9/17/2024,9/30/2024,Cancelled,"{1132,1093,LocalDate.of(2024,9,17),LocalDate.of(2024,9,30),""Cancelled""},","LocalDate.of(2024,9,17)","LocalDate.of(2024,9,30)","(2024,9,17)","(2024,9,30)"
1133,1063,4/27/2024,5/10/2024,Pending,"{1133,1063,LocalDate.of(2024,4,27),LocalDate.of(2024,5,10),""Pending""},","LocalDate.of(2024,4,27)","LocalDate.of(2024,5,10)","(2024,4,27)","(2024,5,10)"
1134,1090,7/6/2024,7/20/2024,Ordered,"{1134,1090,LocalDate.of(2024,7,6),LocalDate.of(2024,7,20),""Ordered""},","LocalDate.of(2024,7,6)","LocalDate.of(2024,7,20)","(2024,7,6)","(2024,7,20)"
1135,1024,5/26/2024,6/10/2024,Pending,"{1135,1024,LocalDate.of(2024,5,26),LocalDate.of(2024,6,10),""Pending""},","LocalDate.of(2024,5,26)","LocalDate.of(2024,6,10)","(2024,5,26)","(2024,6,10)"
1136,1006,9/13/2024,9/26/2024,Pending,"{1136,1006,LocalDate.of(2024,9,13),LocalDate.of(2024,9,26),""Pending""},","LocalDate.of(2024,9,13)","LocalDate.of(2024,9,26)","(2024,9,13)","(2024,9,26)"
1137,1061,7/28/2024,8/5/2024,Ordered,"{1137,1061,LocalDate.of(2024,7,28),LocalDate.of(2024,8,5),""Ordered""},","LocalDate.of(2024,7,28)","LocalDate.of(2024,8,5)","(2024,7,28)","(2024,8,5)"
1138,1098,9/20/2024,9/23/2024,Pending,"{1138,1098,LocalDate.of(2024,9,20),LocalDate.of(2024,9,23),""Pending""},","LocalDate.of(2024,9,20)","LocalDate.of(2024,9,23)","(2024,9,20)","(2024,9,23)"
1139,1026,1/27/2024,2/2/2024,Ordered,"{1139,1026,LocalDate.of(2024,1,27),LocalDate.of(2024,2,2),""Ordered""},","LocalDate.of(2024,1,27)","LocalDate.of(2024,2,2)","(2024,1,27)","(2024,2,2)"
1140,1015,10/19/2024,10/26/2024,Pending,"{1140,1015,LocalDate.of(2024,10,19),LocalDate.of(2024,10,26),""Pending""},","LocalDate.of(2024,10,19)","LocalDate.of(2024,10,26)","(2024,10,19)","(2024,10,26)"
1141,1006,8/20/2024,8/27/2024,Received,"{1141,1006,LocalDate.of(2024,8,20),LocalDate.of(2024,8,27),""Received""},","LocalDate.of(2024,8,20)","LocalDate.of(2024,8,27)","(2024,8,20)","(2024,8,27)"
1142,1077,5/29/2024,6/9/2024,Cancelled,"{1142,1077,LocalDate.of(2024,5,29),LocalDate.of(2024,6,9),""Cancelled""},","LocalDate.of(2024,5,29)","LocalDate.of(2024,6,9)","(2024,5,29)","(2024,6,9)"
1143,1067,8/10/2024,8/13/2024,Received,"{1143,1067,LocalDate.of(2024,8,10),LocalDate.of(2024,8,13),""Received""},","LocalDate.of(2024,8,10)","LocalDate.of(2024,8,13)","(2024,8,10)","(2024,8,13)"
1144,1010,9/25/2024,9/28/2024,Pending,"{1144,1010,LocalDate.of(2024,9,25),LocalDate.of(2024,9,28),""Pending""},","LocalDate.of(2024,9,25)","LocalDate.of(2024,9,28)","(2024,9,25)","(2024,9,28)"
1145,1057,10/10/2024,10/22/2024,Ordered,"{1145,1057,LocalDate.of(2024,10,10),LocalDate.of(2024,10,22),""Ordered""},","LocalDate.of(2024,10,10)","LocalDate.of(2024,10,22)","(2024,10,10)","(2024,10,22)"
1146,1095,12/25/2024,1/1/2025,Pending,"{1146,1095,LocalDate.of(2024,12,25),LocalDate.of(2025,1,1),""Pending""},","LocalDate.of(2024,12,25)","LocalDate.of(2025,1,1)","(2024,12,25)","(2025,1,1)"
1147,1085,5/17/2024,5/20/2024,Cancelled,"{1147,1085,LocalDate.of(2024,5,17),LocalDate.of(2024,5,20),""Cancelled""},","LocalDate.of(2024,5,17)","LocalDate.of(2024,5,20)","(2024,5,17)","(2024,5,20)"
1148,1060,4/10/2024,4/18/2024,Ordered,"{1148,1060,LocalDate.of(2024,4,10),LocalDate.of(2024,4,18),""Ordered""},","LocalDate.of(2024,4,10)","LocalDate.of(2024,4,18)","(2024,4,10)","(2024,4,18)"
1149,1067,7/24/2024,8/7/2024,Cancelled,"{1149,1067,LocalDate.of(2024,7,24),LocalDate.of(2024,8,7),""Cancelled""},","LocalDate.of(2024,7,24)","LocalDate.of(2024,8,7)","(2024,7,24)","(2024,8,7)"
1150,1031,11/21/2024,12/2/2024,Received,"{1150,1031,LocalDate.of(2024,11,21),LocalDate.of(2024,12,2),""Received""},","LocalDate.of(2024,11,21)","LocalDate.of(2024,12,2)","(2024,11,21)","(2024,12,2)"
1151,1044,3/18/2024,3/31/2024,Ordered,"{1151,1044,LocalDate.of(2024,3,18),LocalDate.of(2024,3,31),""Ordered""},","LocalDate.of(2024,3,18)","LocalDate.of(2024,3,31)","(2024,3,18)","(2024,3,31)"
1152,1064,12/13/2024,12/24/2024,Cancelled,"{1152,1064,LocalDate.of(2024,12,13),LocalDate.of(2024,12,24),""Cancelled""},","LocalDate.of(2024,12,13)","LocalDate.of(2024,12,24)","(2024,12,13)","(2024,12,24)"
1153,1068,6/26/2024,6/30/2024,Cancelled,"{1153,1068,LocalDate.of(2024,6,26),LocalDate.of(2024,6,30),""Cancelled""},","LocalDate.of(2024,6,26)","LocalDate.of(2024,6,30)","(2024,6,26)","(2024,6,30)"
1154,1099,3/4/2024,3/15/2024,Received,"{1154,1099,LocalDate.of(2024,3,4),LocalDate.of(2024,3,15),""Received""},","LocalDate.of(2024,3,4)","LocalDate.of(2024,3,15)","(2024,3,4)","(2024,3,15)"
1155,1043,9/4/2024,9/19/2024,Pending,"{1155,1043,LocalDate.of(2024,9,4),LocalDate.of(2024,9,19),""Pending""},","LocalDate.of(2024,9,4)","LocalDate.of(2024,9,19)","(2024,9,4)","(2024,9,19)"
1156,1079,12/31/2024,1/6/2025,Received,"{1156,1079,LocalDate.of(2024,12,31),LocalDate.of(2025,1,6),""Received""},","LocalDate.of(2024,12,31)","LocalDate.of(2025,1,6)","(2024,12,31)","(2025,1,6)"
1157,1060,12/7/2024,12/10/2024,Pending,"{1157,1060,LocalDate.of(2024,12,7),LocalDate.of(2024,12,10),""Pending""},","LocalDate.of(2024,12,7)","LocalDate.of(2024,12,10)","(2024,12,7)","(2024,12,10)"
1158,1051,2/4/2024,2/14/2024,Received,"{1158,1051,LocalDate.of(2024,2,4),LocalDate.of(2024,2,14),""Received""},","LocalDate.of(2024,2,4)","LocalDate.of(2024,2,14)","(2024,2,4)","(2024,2,14)"
1159,1043,5/19/2024,6/3/2024,Cancelled,"{1159,1043,LocalDate.of(2024,5,19),LocalDate.of(2024,6,3),""Cancelled""},","LocalDate.of(2024,5,19)","LocalDate.of(2024,6,3)","(2024,5,19)","(2024,6,3)"
1160,1012,2/7/2024,2/19/2024,Cancelled,"{1160,1012,LocalDate.of(2024,2,7),LocalDate.of(2024,2,19),""Cancelled""},","LocalDate.of(2024,2,7)","LocalDate.of(2024,2,19)","(2024,2,7)","(2024,2,19)"
1161,1033,12/29/2024,1/8/2025,Pending,"{1161,1033,LocalDate.of(2024,12,29),LocalDate.of(2025,1,8),""Pending""},","LocalDate.of(2024,12,29)","LocalDate.of(2025,1,8)","(2024,12,29)","(2025,1,8)"
1162,1084,12/14/2024,12/21/2024,Cancelled,"{1162,1084,LocalDate.of(2024,12,14),LocalDate.of(2024,12,21),""Cancelled""},","LocalDate.of(2024,12,14)","LocalDate.of(2024,12,21)","(2024,12,14)","(2024,12,21)"
1163,1020,6/26/2024,7/7/2024,Received,"{1163,1020,LocalDate.of(2024,6,26),LocalDate.of(2024,7,7),""Received""},","LocalDate.of(2024,6,26)","LocalDate.of(2024,7,7)","(2024,6,26)","(2024,7,7)"
1164,1024,9/30/2024,10/6/2024,Cancelled,"{1164,1024,LocalDate.of(2024,9,30),LocalDate.of(2024,10,6),""Cancelled""},","LocalDate.of(2024,9,30)","LocalDate.of(2024,10,6)","(2024,9,30)","(2024,10,6)"
1165,1068,3/5/2024,3/16/2024,Received,"{1165,1068,LocalDate.of(2024,3,5),LocalDate.of(2024,3,16),""Received""},","LocalDate.of(2024,3,5)","LocalDate.of(2024,3,16)","(2024,3,5)","(2024,3,16)"
1166,1004,10/2/2024,10/9/2024,Cancelled,"{1166,1004,LocalDate.of(2024,10,2),LocalDate.of(2024,10,9),""Cancelled""},","LocalDate.of(2024,10,2)","LocalDate.of(2024,10,9)","(2024,10,2)","(2024,10,9)"
1167,1075,1/9/2025,1/22/2025,Received,"{1167,1075,LocalDate.of(2025,1,9),LocalDate.of(2025,1,22),""Received""},","LocalDate.of(2025,1,9)","LocalDate.of(2025,1,22)","(2025,1,9)","(2025,1,22)"
1168,1052,7/9/2024,7/13/2024,Cancelled,"{1168,1052,LocalDate.of(2024,7,9),LocalDate.of(2024,7,13),""Cancelled""},","LocalDate.of(2024,7,9)","LocalDate.of(2024,7,13)","(2024,7,9)","(2024,7,13)"
1169,1032,3/25/2024,3/28/2024,Pending,"{1169,1032,LocalDate.of(2024,3,25),LocalDate.of(2024,3,28),""Pending""},","LocalDate.of(2024,3,25)","LocalDate.of(2024,3,28)","(2024,3,25)","(2024,3,28)"
1170,1050,7/19/2024,7/31/2024,Ordered,"{1170,1050,LocalDate.of(2024,7,19),LocalDate.of(2024,7,31),""Ordered""},","LocalDate.of(2024,7,19)","LocalDate.of(2024,7,31)","(2024,7,19)","(2024,7,31)"
1171,1027,11/25/2024,12/6/2024,Ordered,"{1171,1027,LocalDate.of(2024,11,25),LocalDate.of(2024,12,6),""Ordered""},","LocalDate.of(2024,11,25)","LocalDate.of(2024,12,6)","(2024,11,25)","(2024,12,6)"
1172,1031,2/24/2024,3/4/2024,Cancelled,"{1172,1031,LocalDate.of(2024,2,24),LocalDate.of(2024,3,4),""Cancelled""},","LocalDate.of(2024,2,24)","LocalDate.of(2024,3,4)","(2024,2,24)","(2024,3,4)"
1173,1063,11/21/2024,12/6/2024,Ordered,"{1173,1063,LocalDate.of(2024,11,21),LocalDate.of(2024,12,6),""Ordered""},","LocalDate.of(2024,11,21)","LocalDate.of(2024,12,6)","(2024,11,21)","(2024,12,6)"
1174,1066,9/22/2024,10/2/2024,Pending,"{1174,1066,LocalDate.of(2024,9,22),LocalDate.of(2024,10,2),""Pending""},","LocalDate.of(2024,9,22)","LocalDate.of(2024,10,2)","(2024,9,22)","(2024,10,2)"
1175,1009,4/13/2024,4/25/2024,Cancelled,"{1175,1009,LocalDate.of(2024,4,13),LocalDate.of(2024,4,25),""Cancelled""},","LocalDate.of(2024,4,13)","LocalDate.of(2024,4,25)","(2024,4,13)","(2024,4,25)"
1176,1084,2/20/2024,2/24/2024,Ordered,"{1176,1084,LocalDate.of(2024,2,20),LocalDate.of(2024,2,24),""Ordered""},","LocalDate.of(2024,2,20)","LocalDate.of(2024,2,24)","(2024,2,20)","(2024,2,24)"
1177,1052,11/13/2024,11/22/2024,Ordered,"{1177,1052,LocalDate.of(2024,11,13),LocalDate.of(2024,11,22),""Ordered""},","LocalDate.of(2024,11,13)","LocalDate.of(2024,11,22)","(2024,11,13)","(2024,11,22)"
1178,1016,9/27/2024,10/5/2024,Pending,"{1178,1016,LocalDate.of(2024,9,27),LocalDate.of(2024,10,5),""Pending""},","LocalDate.of(2024,9,27)","LocalDate.of(2024,10,5)","(2024,9,27)","(2024,10,5)"
1179,1003,10/13/2024,10/26/2024,Received,"{1179,1003,LocalDate.of(2024,10,13),LocalDate.of(2024,10,26),""Received""},","LocalDate.of(2024,10,13)","LocalDate.of(2024,10,26)","(2024,10,13)","(2024,10,26)"
1180,1060,10/10/2024,10/25/2024,Ordered,"{1180,1060,LocalDate.of(2024,10,10),LocalDate.of(2024,10,25),""Ordered""},","LocalDate.of(2024,10,10)","LocalDate.of(2024,10,25)","(2024,10,10)","(2024,10,25)"
1181,1052,8/4/2024,8/13/2024,Ordered,"{1181,1052,LocalDate.of(2024,8,4),LocalDate.of(2024,8,13),""Ordered""},","LocalDate.of(2024,8,4)","LocalDate.of(2024,8,13)","(2024,8,4)","(2024,8,13)"
1182,1036,4/29/2024,5/6/2024,Received,"{1182,1036,LocalDate.of(2024,4,29),LocalDate.of(2024,5,6),""Received""},","LocalDate.of(2024,4,29)","LocalDate.of(2024,5,6)","(2024,4,29)","(2024,5,6)"
1183,1080,10/1/2024,10/4/2024,Received,"{1183,1080,LocalDate.of(2024,10,1),LocalDate.of(2024,10,4),""Received""},","LocalDate.of(2024,10,1)","LocalDate.of(2024,10,4)","(2024,10,1)","(2024,10,4)"
1184,1067,6/23/2024,7/7/2024,Pending,"{1184,1067,LocalDate.of(2024,6,23),LocalDate.of(2024,7,7),""Pending""},","LocalDate.of(2024,6,23)","LocalDate.of(2024,7,7)","(2024,6,23)","(2024,7,7)"
1185,1097,6/7/2024,6/19/2024,Ordered,"{1185,1097,LocalDate.of(2024,6,7),LocalDate.of(2024,6,19),""Ordered""},","LocalDate.of(2024,6,7)","LocalDate.of(2024,6,19)","(2024,6,7)","(2024,6,19)"
1186,1075,5/18/2024,5/22/2024,Cancelled,"{1186,1075,LocalDate.of(2024,5,18),LocalDate.of(2024,5,22),""Cancelled""},","LocalDate.of(2024,5,18)","LocalDate.of(2024,5,22)","(2024,5,18)","(2024,5,22)"
1187,1054,4/26/2024,5/3/2024,Received,"{1187,1054,LocalDate.of(2024,4,26),LocalDate.of(2024,5,3),""Received""},","LocalDate.of(2024,4,26)","LocalDate.of(2024,5,3)","(2024,4,26)","(2024,5,3)"
1188,1049,11/12/2024,11/23/2024,Ordered,"{1188,1049,LocalDate.of(2024,11,12),LocalDate.of(2024,11,23),""Ordered""},","LocalDate.of(2024,11,12)","LocalDate.of(2024,11,23)","(2024,11,12)","(2024,11,23)"
1189,1005,9/30/2024,10/12/2024,Ordered,"{1189,1005,LocalDate.of(2024,9,30),LocalDate.of(2024,10,12),""Ordered""},","LocalDate.of(2024,9,30)","LocalDate.of(2024,10,12)","(2024,9,30)","(2024,10,12)"
1190,1074,12/30/2024,1/13/2025,Cancelled,"{1190,1074,LocalDate.of(2024,12,30),LocalDate.of(2025,1,13),""Cancelled""},","LocalDate.of(2024,12,30)","LocalDate.of(2025,1,13)","(2024,12,30)","(2025,1,13)"
1191,1079,2/22/2024,3/7/2024,Cancelled,"{1191,1079,LocalDate.of(2024,2,22),LocalDate.of(2024,3,7),""Cancelled""},","LocalDate.of(2024,2,22)","LocalDate.of(2024,3,7)","(2024,2,22)","(2024,3,7)"
1192,1048,11/8/2024,11/22/2024,Pending,"{1192,1048,LocalDate.of(2024,11,8),LocalDate.of(2024,11,22),""Pending""},","LocalDate.of(2024,11,8)","LocalDate.of(2024,11,22)","(2024,11,8)","(2024,11,22)"
1193,1081,6/2/2024,6/16/2024,Pending,"{1193,1081,LocalDate.of(2024,6,2),LocalDate.of(2024,6,16),""Pending""},","LocalDate.of(2024,6,2)","LocalDate.of(2024,6,16)","(2024,6,2)","(2024,6,16)"
1194,1042,2/27/2024,3/9/2024,Ordered,"{1194,1042,LocalDate.of(2024,2,27),LocalDate.of(2024,3,9),""Ordered""},","LocalDate.of(2024,2,27)","LocalDate.of(2024,3,9)","(2024,2,27)","(2024,3,9)"
1195,1009,6/7/2024,6/16/2024,Pending,"{1195,1009,LocalDate.of(2024,6,7),LocalDate.of(2024,6,16),""Pending""},","LocalDate.of(2024,6,7)","LocalDate.of(2024,6,16)","(2024,6,7)","(2024,6,16)"
1196,1047,2/22/2024,2/26/2024,Cancelled,"{1196,1047,LocalDate.of(2024,2,22),LocalDate.of(2024,2,26),""Cancelled""},","LocalDate.of(2024,2,22)","LocalDate.of(2024,2,26)","(2024,2,22)","(2024,2,26)"
1197,1078,7/29/2024,8/9/2024,Received,"{1197,1078,LocalDate.of(2024,7,29),LocalDate.of(2024,8,9),""Received""},","LocalDate.of(2024,7,29)","LocalDate.of(2024,8,9)","(2024,7,29)","(2024,8,9)"
1198,1068,11/19/2024,11/25/2024,Cancelled,"{1198,1068,LocalDate.of(2024,11,19),LocalDate.of(2024,11,25),""Cancelled""},","LocalDate.of(2024,11,19)","LocalDate.of(2024,11,25)","(2024,11,19)","(2024,11,25)"
1199,1068,2/12/2024,2/25/2024,Ordered,"{1199,1068,LocalDate.of(2024,2,12),LocalDate.of(2024,2,25),""Ordered""},","LocalDate.of(2024,2,12)","LocalDate.of(2024,2,25)","(2024,2,12)","(2024,2,25)"
1200,1067,8/2/2024,8/11/2024,Pending,"{1200,1067,LocalDate.of(2024,8,2),LocalDate.of(2024,8,11),""Pending""},","LocalDate.of(2024,8,2)","LocalDate.of(2024,8,11)","(2024,8,2)","(2024,8,11)"
1201,1008,3/24/2024,4/7/2024,Pending,"{1201,1008,LocalDate.of(2024,3,24),LocalDate.of(2024,4,7),""Pending""},","LocalDate.of(2024,3,24)","LocalDate.of(2024,4,7)","(2024,3,24)","(2024,4,7)"
1202,1025,5/4/2024,5/19/2024,Ordered,"{1202,1025,LocalDate.of(2024,5,4),LocalDate.of(2024,5,19),""Ordered""},","LocalDate.of(2024,5,4)","LocalDate.of(2024,5,19)","(2024,5,4)","(2024,5,19)"
1203,1030,11/26/2024,11/30/2024,Pending,"{1203,1030,LocalDate.of(2024,11,26),LocalDate.of(2024,11,30),""Pending""},","LocalDate.of(2024,11,26)","LocalDate.of(2024,11,30)","(2024,11,26)","(2024,11,30)"
1204,1088,9/13/2024,9/24/2024,Cancelled,"{1204,1088,LocalDate.of(2024,9,13),LocalDate.of(2024,9,24),""Cancelled""},","LocalDate.of(2024,9,13)","LocalDate.of(2024,9,24)","(2024,9,13)","(2024,9,24)"
1205,1098,11/12/2024,11/19/2024,Received,"{1205,1098,LocalDate.of(2024,11,12),LocalDate.of(2024,11,19),""Received""},","LocalDate.of(2024,11,12)","LocalDate.of(2024,11,19)","(2024,11,12)","(2024,11,19)"
1206,1085,4/6/2024,4/9/2024,Pending,"{1206,1085,LocalDate.of(2024,4,6),LocalDate.of(2024,4,9),""Pending""},","LocalDate.of(2024,4,6)","LocalDate.of(2024,4,9)","(2024,4,6)","(2024,4,9)"
1207,1021,12/10/2024,12/24/2024,Received,"{1207,1021,LocalDate.of(2024,12,10),LocalDate.of(2024,12,24),""Received""},","LocalDate.of(2024,12,10)","LocalDate.of(2024,12,24)","(2024,12,10)","(2024,12,24)"
1208,1004,4/19/2024,4/23/2024,Ordered,"{1208,1004,LocalDate.of(2024,4,19),LocalDate.of(2024,4,23),""Ordered""},","LocalDate.of(2024,4,19)","LocalDate.of(2024,4,23)","(2024,4,19)","(2024,4,23)"
1209,1095,8/11/2024,8/19/2024,Ordered,"{1209,1095,LocalDate.of(2024,8,11),LocalDate.of(2024,8,19),""Ordered""},","LocalDate.of(2024,8,11)","LocalDate.of(2024,8,19)","(2024,8,11)","(2024,8,19)"
1210,1040,1/16/2025,1/30/2025,Received,"{1210,1040,LocalDate.of(2025,1,16),LocalDate.of(2025,1,30),""Received""},","LocalDate.of(2025,1,16)","LocalDate.of(2025,1,30)","(2025,1,16)","(2025,1,30)"
1211,1032,12/30/2024,1/3/2025,Received,"{1211,1032,LocalDate.of(2024,12,30),LocalDate.of(2025,1,3),""Received""},","LocalDate.of(2024,12,30)","LocalDate.of(2025,1,3)","(2024,12,30)","(2025,1,3)"
1212,1002,8/21/2024,9/3/2024,Cancelled,"{1212,1002,LocalDate.of(2024,8,21),LocalDate.of(2024,9,3),""Cancelled""},","LocalDate.of(2024,8,21)","LocalDate.of(2024,9,3)","(2024,8,21)","(2024,9,3)"
1213,1041,3/27/2024,4/4/2024,Cancelled,"{1213,1041,LocalDate.of(2024,3,27),LocalDate.of(2024,4,4),""Cancelled""},","LocalDate.of(2024,3,27)","LocalDate.of(2024,4,4)","(2024,3,27)","(2024,4,4)"
1214,1024,10/12/2024,10/22/2024,Received,"{1214,1024,LocalDate.of(2024,10,12),LocalDate.of(2024,10,22),""Received""},","LocalDate.of(2024,10,12)","LocalDate.of(2024,10,22)","(2024,10,12)","(2024,10,22)"
1215,1051,7/26/2024,8/10/2024,Cancelled,"{1215,1051,LocalDate.of(2024,7,26),LocalDate.of(2024,8,10),""Cancelled""},","LocalDate.of(2024,7,26)","LocalDate.of(2024,8,10)","(2024,7,26)","(2024,8,10)"
1216,1086,4/18/2024,4/28/2024,Ordered,"{1216,1086,LocalDate.of(2024,4,18),LocalDate.of(2024,4,28),""Ordered""},","LocalDate.of(2024,4,18)","LocalDate.of(2024,4,28)","(2024,4,18)","(2024,4,28)"
1217,1043,4/10/2024,4/18/2024,Received,"{1217,1043,LocalDate.of(2024,4,10),LocalDate.of(2024,4,18),""Received""},","LocalDate.of(2024,4,10)","LocalDate.of(2024,4,18)","(2024,4,10)","(2024,4,18)"
1218,1005,4/16/2024,4/23/2024,Received,"{1218,1005,LocalDate.of(2024,4,16),LocalDate.of(2024,4,23),""Received""},","LocalDate.of(2024,4,16)","LocalDate.of(2024,4,23)","(2024,4,16)","(2024,4,23)"
1219,1045,11/26/2024,12/5/2024,Ordered,"{1219,1045,LocalDate.of(2024,11,26),LocalDate.of(2024,12,5),""Ordered""},","LocalDate.of(2024,11,26)","LocalDate.of(2024,12,5)","(2024,11,26)","(2024,12,5)"
1220,1065,4/18/2024,4/28/2024,Ordered,"{1220,1065,LocalDate.of(2024,4,18),LocalDate.of(2024,4,28),""Ordered""},","LocalDate.of(2024,4,18)","LocalDate.of(2024,4,28)","(2024,4,18)","(2024,4,28)"
1221,1048,11/29/2024,12/8/2024,Ordered,"{1221,1048,LocalDate.of(2024,11,29),LocalDate.of(2024,12,8),""Ordered""},","LocalDate.of(2024,11,29)","LocalDate.of(2024,12,8)","(2024,11,29)","(2024,12,8)"
1222,1026,10/1/2024,10/8/2024,Cancelled,"{1222,1026,LocalDate.of(2024,10,1),LocalDate.of(2024,10,8),""Cancelled""},","LocalDate.of(2024,10,1)","LocalDate.of(2024,10,8)","(2024,10,1)","(2024,10,8)"
1223,1070,1/10/2025,1/25/2025,Ordered,"{1223,1070,LocalDate.of(2025,1,10),LocalDate.of(2025,1,25),""Ordered""},","LocalDate.of(2025,1,10)","LocalDate.of(2025,1,25)","(2025,1,10)","(2025,1,25)"
1224,1046,5/27/2024,6/2/2024,Ordered,"{1224,1046,LocalDate.of(2024,5,27),LocalDate.of(2024,6,2),""Ordered""},","LocalDate.of(2024,5,27)","LocalDate.of(2024,6,2)","(2024,5,27)","(2024,6,2)"
1225,1057,8/21/2024,8/26/2024,Received,"{1225,1057,LocalDate.of(2024,8,21),LocalDate.of(2024,8,26),""Received""},","LocalDate.of(2024,8,21)","LocalDate.of(2024,8,26)","(2024,8,21)","(2024,8,26)"
1226,1036,9/28/2024,10/7/2024,Cancelled,"{1226,1036,LocalDate.of(2024,9,28),LocalDate.of(2024,10,7),""Cancelled""},","LocalDate.of(2024,9,28)","LocalDate.of(2024,10,7)","(2024,9,28)","(2024,10,7)"
1227,1054,1/11/2025,1/19/2025,Ordered,"{1227,1054,LocalDate.of(2025,1,11),LocalDate.of(2025,1,19),""Ordered""},","LocalDate.of(2025,1,11)","LocalDate.of(2025,1,19)","(2025,1,11)","(2025,1,19)"
1228,1006,11/20/2024,11/24/2024,Cancelled,"{1228,1006,LocalDate.of(2024,11,20),LocalDate.of(2024,11,24),""Cancelled""},","LocalDate.of(2024,11,20)","LocalDate.of(2024,11,24)","(2024,11,20)","(2024,11,24)"
1229,1081,6/17/2024,7/1/2024,Ordered,"{1229,1081,LocalDate.of(2024,6,17),LocalDate.of(2024,7,1),""Ordered""},","LocalDate.of(2024,6,17)","LocalDate.of(2024,7,1)","(2024,6,17)","(2024,7,1)"
1230,1051,12/25/2024,12/31/2024,Ordered,"{1230,1051,LocalDate.of(2024,12,25),LocalDate.of(2024,12,31),""Ordered""},","LocalDate.of(2024,12,25)","LocalDate.of(2024,12,31)","(2024,12,25)","(2024,12,31)"
1231,1072,4/18/2024,4/24/2024,Pending,"{1231,1072,LocalDate.of(2024,4,18),LocalDate.of(2024,4,24),""Pending""},","LocalDate.of(2024,4,18)","LocalDate.of(2024,4,24)","(2024,4,18)","(2024,4,24)"
1232,1079,9/18/2024,9/22/2024,Ordered,"{1232,1079,LocalDate.of(2024,9,18),LocalDate.of(2024,9,22),""Ordered""},","LocalDate.of(2024,9,18)","LocalDate.of(2024,9,22)","(2024,9,18)","(2024,9,22)"
1233,1008,9/10/2024,9/15/2024,Received,"{1233,1008,LocalDate.of(2024,9,10),LocalDate.of(2024,9,15),""Received""},","LocalDate.of(2024,9,10)","LocalDate.of(2024,9,15)","(2024,9,10)","(2024,9,15)"
1234,1063,1/13/2025,1/17/2025,Ordered,"{1234,1063,LocalDate.of(2025,1,13),LocalDate.of(2025,1,17),""Ordered""},","LocalDate.of(2025,1,13)","LocalDate.of(2025,1,17)","(2025,1,13)","(2025,1,17)"
1235,1094,8/21/2024,8/24/2024,Pending,"{1235,1094,LocalDate.of(2024,8,21),LocalDate.of(2024,8,24),""Pending""},","LocalDate.of(2024,8,21)","LocalDate.of(2024,8,24)","(2024,8,21)","(2024,8,24)"
1236,1099,5/10/2024,5/18/2024,Cancelled,"{1236,1099,LocalDate.of(2024,5,10),LocalDate.of(2024,5,18),""Cancelled""},","LocalDate.of(2024,5,10)","LocalDate.of(2024,5,18)","(2024,5,10)","(2024,5,18)"
1237,1098,5/15/2024,5/30/2024,Ordered,"{1237,1098,LocalDate.of(2024,5,15),LocalDate.of(2024,5,30),""Ordered""},","LocalDate.of(2024,5,15)","LocalDate.of(2024,5,30)","(2024,5,15)","(2024,5,30)"
1238,1010,2/24/2024,3/1/2024,Ordered,"{1238,1010,LocalDate.of(2024,2,24),LocalDate.of(2024,3,1),""Ordered""},","LocalDate.of(2024,2,24)","LocalDate.of(2024,3,1)","(2024,2,24)","(2024,3,1)"
1239,1068,2/18/2024,2/27/2024,Pending,"{1239,1068,LocalDate.of(2024,2,18),LocalDate.of(2024,2,27),""Pending""},","LocalDate.of(2024,2,18)","LocalDate.of(2024,2,27)","(2024,2,18)","(2024,2,27)"
1240,1052,2/14/2024,2/19/2024,Pending,"{1240,1052,LocalDate.of(2024,2,14),LocalDate.of(2024,2,19),""Pending""},","LocalDate.of(2024,2,14)","LocalDate.of(2024,2,19)","(2024,2,14)","(2024,2,19)"
1241,1075,3/9/2024,3/24/2024,Ordered,"{1241,1075,LocalDate.of(2024,3,9),LocalDate.of(2024,3,24),""Ordered""},","LocalDate.of(2024,3,9)","LocalDate.of(2024,3,24)","(2024,3,9)","(2024,3,24)"
1242,1008,9/23/2024,10/1/2024,Pending,"{1242,1008,LocalDate.of(2024,9,23),LocalDate.of(2024,10,1),""Pending""},","LocalDate.of(2024,9,23)","LocalDate.of(2024,10,1)","(2024,9,23)","(2024,10,1)"
1243,1088,12/19/2024,12/31/2024,Ordered,"{1243,1088,LocalDate.of(2024,12,19),LocalDate.of(2024,12,31),""Ordered""},","LocalDate.of(2024,12,19)","LocalDate.of(2024,12,31)","(2024,12,19)","(2024,12,31)"
1244,1073,2/28/2024,3/7/2024,Received,"{1244,1073,LocalDate.of(2024,2,28),LocalDate.of(2024,3,7),""Received""},","LocalDate.of(2024,2,28)","LocalDate.of(2024,3,7)","(2024,2,28)","(2024,3,7)"
1245,1016,8/5/2024,8/8/2024,Received,"{1245,1016,LocalDate.of(2024,8,5),LocalDate.of(2024,8,8),""Received""},","LocalDate.of(2024,8,5)","LocalDate.of(2024,8,8)","(2024,8,5)","(2024,8,8)"
1246,1035,12/24/2024,12/27/2024,Cancelled,"{1246,1035,LocalDate.of(2024,12,24),LocalDate.of(2024,12,27),""Cancelled""},","LocalDate.of(2024,12,24)","LocalDate.of(2024,12,27)","(2024,12,24)","(2024,12,27)"
1247,1003,2/8/2024,2/20/2024,Received,"{1247,1003,LocalDate.of(2024,2,8),LocalDate.of(2024,2,20),""Received""},","LocalDate.of(2024,2,8)","LocalDate.of(2024,2,20)","(2024,2,8)","(2024,2,20)"
1248,1085,8/21/2024,9/1/2024,Pending,"{1248,1085,LocalDate.of(2024,8,21),LocalDate.of(2024,9,1),""Pending""},","LocalDate.of(2024,8,21)","LocalDate.of(2024,9,1)","(2024,8,21)","(2024,9,1)"
1249,1051,12/15/2024,12/25/2024,Pending,"{1249,1051,LocalDate.of(2024,12,15),LocalDate.of(2024,12,25),""Pending""},","LocalDate.of(2024,12,15)","LocalDate.of(2024,12,25)","(2024,12,15)","(2024,12,25)"
1250,1096,12/26/2024,12/30/2024,Pending,"{1250,1096,LocalDate.of(2024,12,26),LocalDate.of(2024,12,30),""Pending""},","LocalDate.of(2024,12,26)","LocalDate.of(2024,12,30)","(2024,12,26)","(2024,12,30)"
1251,1054,11/6/2024,11/21/2024,Pending,"{1251,1054,LocalDate.of(2024,11,6),LocalDate.of(2024,11,21),""Pending""},","LocalDate.of(2024,11,6)","LocalDate.of(2024,11,21)","(2024,11,6)","(2024,11,21)"
1252,1020,10/23/2024,11/1/2024,Ordered,"{1252,1020,LocalDate.of(2024,10,23),LocalDate.of(2024,11,1),""Ordered""},","LocalDate.of(2024,10,23)","LocalDate.of(2024,11,1)","(2024,10,23)","(2024,11,1)"
1253,1012,10/11/2024,10/20/2024,Ordered,"{1253,1012,LocalDate.of(2024,10,11),LocalDate.of(2024,10,20),""Ordered""},","LocalDate.of(2024,10,11)","LocalDate.of(2024,10,20)","(2024,10,11)","(2024,10,20)"
1254,1096,8/9/2024,8/14/2024,Ordered,"{1254,1096,LocalDate.of(2024,8,9),LocalDate.of(2024,8,14),""Ordered""},","LocalDate.of(2024,8,9)","LocalDate.of(2024,8,14)","(2024,8,9)","(2024,8,14)"
1255,1072,6/7/2024,6/15/2024,Received,"{1255,1072,LocalDate.of(2024,6,7),LocalDate.of(2024,6,15),""Received""},","LocalDate.of(2024,6,7)","LocalDate.of(2024,6,15)","(2024,6,7)","(2024,6,15)"
1256,1045,8/13/2024,8/23/2024,Ordered,"{1256,1045,LocalDate.of(2024,8,13),LocalDate.of(2024,8,23),""Ordered""},","LocalDate.of(2024,8,13)","LocalDate.of(2024,8,23)","(2024,8,13)","(2024,8,23)"
1257,1049,11/12/2024,11/23/2024,Received,"{1257,1049,LocalDate.of(2024,11,12),LocalDate.of(2024,11,23),""Received""},","LocalDate.of(2024,11,12)","LocalDate.of(2024,11,23)","(2024,11,12)","(2024,11,23)"
1258,1059,2/21/2024,2/29/2024,Cancelled,"{1258,1059,LocalDate.of(2024,2,21),LocalDate.of(2024,2,29),""Cancelled""},","LocalDate.of(2024,2,21)","LocalDate.of(2024,2,29)","(2024,2,21)","(2024,2,29)"
1259,1008,2/19/2024,3/2/2024,Cancelled,"{1259,1008,LocalDate.of(2024,2,19),LocalDate.of(2024,3,2),""Cancelled""},","LocalDate.of(2024,2,19)","LocalDate.of(2024,3,2)","(2024,2,19)","(2024,3,2)"
1260,1005,9/7/2024,9/22/2024,Ordered,"{1260,1005,LocalDate.of(2024,9,7),LocalDate.of(2024,9,22),""Ordered""},","LocalDate.of(2024,9,7)","LocalDate.of(2024,9,22)","(2024,9,7)","(2024,9,22)"
1261,1064,2/27/2024,3/11/2024,Cancelled,"{1261,1064,LocalDate.of(2024,2,27),LocalDate.of(2024,3,11),""Cancelled""},","LocalDate.of(2024,2,27)","LocalDate.of(2024,3,11)","(2024,2,27)","(2024,3,11)"
1262,1027,9/7/2024,9/10/2024,Pending,"{1262,1027,LocalDate.of(2024,9,7),LocalDate.of(2024,9,10),""Pending""},","LocalDate.of(2024,9,7)","LocalDate.of(2024,9,10)","(2024,9,7)","(2024,9,10)"
1263,1018,9/16/2024,9/28/2024,Ordered,"{1263,1018,LocalDate.of(2024,9,16),LocalDate.of(2024,9,28),""Ordered""},","LocalDate.of(2024,9,16)","LocalDate.of(2024,9,28)","(2024,9,16)","(2024,9,28)"
1264,1075,10/18/2024,10/28/2024,Pending,"{1264,1075,LocalDate.of(2024,10,18),LocalDate.of(2024,10,28),""Pending""},","LocalDate.of(2024,10,18)","LocalDate.of(2024,10,28)","(2024,10,18)","(2024,10,28)"
1265,1033,6/11/2024,6/14/2024,Received,"{1265,1033,LocalDate.of(2024,6,11),LocalDate.of(2024,6,14),""Received""},","LocalDate.of(2024,6,11)","LocalDate.of(2024,6,14)","(2024,6,11)","(2024,6,14)"
1266,1009,12/1/2024,12/4/2024,Cancelled,"{1266,1009,LocalDate.of(2024,12,1),LocalDate.of(2024,12,4),""Cancelled""},","LocalDate.of(2024,12,1)","LocalDate.of(2024,12,4)","(2024,12,1)","(2024,12,4)"
1267,1018,1/30/2024,2/12/2024,Pending,"{1267,1018,LocalDate.of(2024,1,30),LocalDate.of(2024,2,12),""Pending""},","LocalDate.of(2024,1,30)","LocalDate.of(2024,2,12)","(2024,1,30)","(2024,2,12)"
1268,1008,1/23/2025,2/1/2025,Cancelled,"{1268,1008,LocalDate.of(2025,1,23),LocalDate.of(2025,2,1),""Cancelled""},","LocalDate.of(2025,1,23)","LocalDate.of(2025,2,1)","(2025,1,23)","(2025,2,1)"
1269,1085,1/22/2025,1/25/2025,Ordered,"{1269,1085,LocalDate.of(2025,1,22),LocalDate.of(2025,1,25),""Ordered""},","LocalDate.of(2025,1,22)","LocalDate.of(2025,1,25)","(2025,1,22)","(2025,1,25)"
1270,1096,10/19/2024,10/26/2024,Cancelled,"{1270,1096,LocalDate.of(2024,10,19),LocalDate.of(2024,10,26),""Cancelled""},","LocalDate.of(2024,10,19)","LocalDate.of(2024,10,26)","(2024,10,19)","(2024,10,26)"
1271,1049,12/27/2024,1/9/2025,Pending,"{1271,1049,LocalDate.of(2024,12,27),LocalDate.of(2025,1,9),""Pending""},","LocalDate.of(2024,12,27)","LocalDate.of(2025,1,9)","(2024,12,27)","(2025,1,9)"
1272,1070,10/6/2024,10/11/2024,Received,"{1272,1070,LocalDate.of(2024,10,6),LocalDate.of(2024,10,11),""Received""},","LocalDate.of(2024,10,6)","LocalDate.of(2024,10,11)","(2024,10,6)","(2024,10,11)"
1273,1092,5/1/2024,5/16/2024,Cancelled,"{1273,1092,LocalDate.of(2024,5,1),LocalDate.of(2024,5,16),""Cancelled""},","LocalDate.of(2024,5,1)","LocalDate.of(2024,5,16)","(2024,5,1)","(2024,5,16)"
1274,1048,8/29/2024,9/3/2024,Received,"{1274,1048,LocalDate.of(2024,8,29),LocalDate.of(2024,9,3),""Received""},","LocalDate.of(2024,8,29)","LocalDate.of(2024,9,3)","(2024,8,29)","(2024,9,3)"
1275,1026,6/8/2024,6/15/2024,Pending,"{1275,1026,LocalDate.of(2024,6,8),LocalDate.of(2024,6,15),""Pending""},","LocalDate.of(2024,6,8)","LocalDate.of(2024,6,15)","(2024,6,8)","(2024,6,15)"
1276,1033,11/3/2024,11/17/2024,Ordered,"{1276,1033,LocalDate.of(2024,11,3),LocalDate.of(2024,11,17),""Ordered""},","LocalDate.of(2024,11,3)","LocalDate.of(2024,11,17)","(2024,11,3)","(2024,11,17)"
1277,1005,6/30/2024,7/13/2024,Pending,"{1277,1005,LocalDate.of(2024,6,30),LocalDate.of(2024,7,13),""Pending""},","LocalDate.of(2024,6,30)","LocalDate.of(2024,7,13)","(2024,6,30)","(2024,7,13)"
1278,1090,7/8/2024,7/18/2024,Pending,"{1278,1090,LocalDate.of(2024,7,8),LocalDate.of(2024,7,18),""Pending""},","LocalDate.of(2024,7,8)","LocalDate.of(2024,7,18)","(2024,7,8)","(2024,7,18)"
1279,1094,5/11/2024,5/25/2024,Ordered,"{1279,1094,LocalDate.of(2024,5,11),LocalDate.of(2024,5,25),""Ordered""},","LocalDate.of(2024,5,11)","LocalDate.of(2024,5,25)","(2024,5,11)","(2024,5,25)"
1280,1078,7/1/2024,7/8/2024,Pending,"{1280,1078,LocalDate.of(2024,7,1),LocalDate.of(2024,7,8),""Pending""},","LocalDate.of(2024,7,1)","LocalDate.of(2024,7,8)","(2024,7,1)","(2024,7,8)"
1281,1008,11/30/2024,12/15/2024,Cancelled,"{1281,1008,LocalDate.of(2024,11,30),LocalDate.of(2024,12,15),""Cancelled""},","LocalDate.of(2024,11,30)","LocalDate.of(2024,12,15)","(2024,11,30)","(2024,12,15)"
1282,1069,11/26/2024,12/8/2024,Cancelled,"{1282,1069,LocalDate.of(2024,11,26),LocalDate.of(2024,12,8),""Cancelled""},","LocalDate.of(2024,11,26)","LocalDate.of(2024,12,8)","(2024,11,26)","(2024,12,8)"
1283,1072,10/30/2024,11/11/2024,Ordered,"{1283,1072,LocalDate.of(2024,10,30),LocalDate.of(2024,11,11),""Ordered""},","LocalDate.of(2024,10,30)","LocalDate.of(2024,11,11)","(2024,10,30)","(2024,11,11)"
1284,1092,9/6/2024,9/16/2024,Received,"{1284,1092,LocalDate.of(2024,9,6),LocalDate.of(2024,9,16),""Received""},","LocalDate.of(2024,9,6)","LocalDate.of(2024,9,16)","(2024,9,6)","(2024,9,16)"
1285,1008,2/4/2024,2/9/2024,Received,"{1285,1008,LocalDate.of(2024,2,4),LocalDate.of(2024,2,9),""Received""},","LocalDate.of(2024,2,4)","LocalDate.of(2024,2,9)","(2024,2,4)","(2024,2,9)"
1286,1087,6/4/2024,6/13/2024,Cancelled,"{1286,1087,LocalDate.of(2024,6,4),LocalDate.of(2024,6,13),""Cancelled""},","LocalDate.of(2024,6,4)","LocalDate.of(2024,6,13)","(2024,6,4)","(2024,6,13)"
1287,1086,12/13/2024,12/16/2024,Received,"{1287,1086,LocalDate.of(2024,12,13),LocalDate.of(2024,12,16),""Received""},","LocalDate.of(2024,12,13)","LocalDate.of(2024,12,16)","(2024,12,13)","(2024,12,16)"
1288,1011,5/12/2024,5/24/2024,Pending,"{1288,1011,LocalDate.of(2024,5,12),LocalDate.of(2024,5,24),""Pending""},","LocalDate.of(2024,5,12)","LocalDate.of(2024,5,24)","(2024,5,12)","(2024,5,24)"
1289,1040,9/14/2024,9/27/2024,Pending,"{1289,1040,LocalDate.of(2024,9,14),LocalDate.of(2024,9,27),""Pending""},","LocalDate.of(2024,9,14)","LocalDate.of(2024,9,27)","(2024,9,14)","(2024,9,27)"
1290,1006,11/24/2024,12/3/2024,Pending,"{1290,1006,LocalDate.of(2024,11,24),LocalDate.of(2024,12,3),""Pending""},","LocalDate.of(2024,11,24)","LocalDate.of(2024,12,3)","(2024,11,24)","(2024,12,3)"
1291,1011,11/4/2024,11/7/2024,Cancelled,"{1291,1011,LocalDate.of(2024,11,4),LocalDate.of(2024,11,7),""Cancelled""},","LocalDate.of(2024,11,4)","LocalDate.of(2024,11,7)","(2024,11,4)","(2024,11,7)"
1292,1094,9/27/2024,9/30/2024,Ordered,"{1292,1094,LocalDate.of(2024,9,27),LocalDate.of(2024,9,30),""Ordered""},","LocalDate.of(2024,9,27)","LocalDate.of(2024,9,30)","(2024,9,27)","(2024,9,30)"
1293,1011,3/7/2024,3/15/2024,Ordered,"{1293,1011,LocalDate.of(2024,3,7),LocalDate.of(2024,3,15),""Ordered""},","LocalDate.of(2024,3,7)","LocalDate.of(2024,3,15)","(2024,3,7)","(2024,3,15)"
1294,1090,7/29/2024,8/10/2024,Cancelled,"{1294,1090,LocalDate.of(2024,7,29),LocalDate.of(2024,8,10),""Cancelled""},","LocalDate.of(2024,7,29)","LocalDate.of(2024,8,10)","(2024,7,29)","(2024,8,10)"
1295,1096,9/10/2024,9/18/2024,Received,"{1295,1096,LocalDate.of(2024,9,10),LocalDate.of(2024,9,18),""Received""},","LocalDate.of(2024,9,10)","LocalDate.of(2024,9,18)","(2024,9,10)","(2024,9,18)"
1296,1081,6/20/2024,7/1/2024,Pending,"{1296,1081,LocalDate.of(2024,6,20),LocalDate.of(2024,7,1),""Pending""},","LocalDate.of(2024,6,20)","LocalDate.of(2024,7,1)","(2024,6,20)","(2024,7,1)"
1297,1074,4/26/2024,5/9/2024,Pending,"{1297,1074,LocalDate.of(2024,4,26),LocalDate.of(2024,5,9),""Pending""},","LocalDate.of(2024,4,26)","LocalDate.of(2024,5,9)","(2024,4,26)","(2024,5,9)"
1298,1091,9/6/2024,9/17/2024,Pending,"{1298,1091,LocalDate.of(2024,9,6),LocalDate.of(2024,9,17),""Pending""},","LocalDate.of(2024,9,6)","LocalDate.of(2024,9,17)","(2024,9,6)","(2024,9,17)"
1299,1076,11/6/2024,11/11/2024,Pending,"{1299,1076,LocalDate.of(2024,11,6),LocalDate.of(2024,11,11),""Pending""},","LocalDate.of(2024,11,6)","LocalDate.of(2024,11,11)","(2024,11,6)","(2024,11,11)"
1300,1070,8/29/2024,9/5/2024,Received,"{1300,1070,LocalDate.of(2024,8,29),LocalDate.of(2024,9,5),""Received""},","LocalDate.of(2024,8,29)","LocalDate.of(2024,9,5)","(2024,8,29)","(2024,9,5)"
