sales_order_id,customer_id,order_date,status,,,
1001,1173,2/26/2024,Cancelled,"{1001,1173,LocalDate.of(2024,2,26),""Cancelled""},","LocalDate.of(2024,2,26)","(2024,2,26)"
1002,1335,8/25/2024,Pending,"{1002,1335,LocalDate.of(2024,8,25),""Pending""},","LocalDate.of(2024,8,25)","(2024,8,25)"
1003,1378,6/27/2024,Processed,"{1003,1378,LocalDate.of(2024,6,27),""Processed""},","LocalDate.of(2024,6,27)","(2024,6,27)"
1004,1043,3/13/2024,Shipped,"{1004,1043,LocalDate.of(2024,3,13),""Shipped""},","LocalDate.of(2024,3,13)","(2024,3,13)"
1005,1058,10/29/2024,Processed,"{1005,1058,LocalDate.of(2024,10,29),""Processed""},","LocalDate.of(2024,10,29)","(2024,10,29)"
1006,1228,8/7/2024,Delivered,"{1006,1228,LocalDate.of(2024,8,7),""Delivered""},","LocalDate.of(2024,8,7)","(2024,8,7)"
1007,1070,4/5/2024,Pending,"{1007,1070,LocalDate.of(2024,4,5),""Pending""},","LocalDate.of(2024,4,5)","(2024,4,5)"
1008,1135,2/19/2024,Processed,"{1008,1135,LocalDate.of(2024,2,19),""Processed""},","LocalDate.of(2024,2,19)","(2024,2,19)"
1009,1448,3/28/2024,Shipped,"{1009,1448,LocalDate.of(2024,3,28),""Shipped""},","LocalDate.of(2024,3,28)","(2024,3,28)"
1010,1277,1/8/2025,Delivered,"{1010,1277,LocalDate.of(2025,1,8),""Delivered""},","LocalDate.of(2025,1,8)","(2025,1,8)"
1011,1461,7/26/2024,Pending,"{1011,1461,LocalDate.of(2024,7,26),""Pending""},","LocalDate.of(2024,7,26)","(2024,7,26)"
1012,1412,3/4/2024,Processed,"{1012,1412,LocalDate.of(2024,3,4),""Processed""},","LocalDate.of(2024,3,4)","(2024,3,4)"
1013,1335,8/27/2024,Delivered,"{1013,1335,LocalDate.of(2024,8,27),""Delivered""},","LocalDate.of(2024,8,27)","(2024,8,27)"
1014,1107,10/28/2024,Delivered,"{1014,1107,LocalDate.of(2024,10,28),""Delivered""},","LocalDate.of(2024,10,28)","(2024,10,28)"
1015,1225,12/8/2024,Processed,"{1015,1225,LocalDate.of(2024,12,8),""Processed""},","LocalDate.of(2024,12,8)","(2024,12,8)"
1016,1398,5/23/2024,Processed,"{1016,1398,LocalDate.of(2024,5,23),""Processed""},","LocalDate.of(2024,5,23)","(2024,5,23)"
1017,1006,2/4/2024,Cancelled,"{1017,1006,LocalDate.of(2024,2,4),""Cancelled""},","LocalDate.of(2024,2,4)","(2024,2,4)"
1018,1259,10/16/2024,Delivered,"{1018,1259,LocalDate.of(2024,10,16),""Delivered""},","LocalDate.of(2024,10,16)","(2024,10,16)"
1019,1185,1/23/2025,Processed,"{1019,1185,LocalDate.of(2025,1,23),""Processed""},","LocalDate.of(2025,1,23)","(2025,1,23)"
1020,1434,5/4/2024,Delivered,"{1020,1434,LocalDate.of(2024,5,4),""Delivered""},","LocalDate.of(2024,5,4)","(2024,5,4)"
1021,1163,12/15/2024,Cancelled,"{1021,1163,LocalDate.of(2024,12,15),""Cancelled""},","LocalDate.of(2024,12,15)","(2024,12,15)"
1022,1032,8/12/2024,Processed,"{1022,1032,LocalDate.of(2024,8,12),""Processed""},","LocalDate.of(2024,8,12)","(2024,8,12)"
1023,1037,12/29/2024,Shipped,"{1023,1037,LocalDate.of(2024,12,29),""Shipped""},","LocalDate.of(2024,12,29)","(2024,12,29)"
1024,1371,7/14/2024,Pending,"{1024,1371,LocalDate.of(2024,7,14),""Pending""},","LocalDate.of(2024,7,14)","(2024,7,14)"
1025,1452,5/13/2024,Shipped,"{1025,1452,LocalDate.of(2024,5,13),""Shipped""},","LocalDate.of(2024,5,13)","(2024,5,13)"
1026,1467,2/12/2024,Delivered,"{1026,1467,LocalDate.of(2024,2,12),""Delivered""},","LocalDate.of(2024,2,12)","(2024,2,12)"
1027,1459,4/3/2024,Cancelled,"{1027,1459,LocalDate.of(2024,4,3),""Cancelled""},","LocalDate.of(2024,4,3)","(2024,4,3)"
1028,1489,6/25/2024,Pending,"{1028,1489,LocalDate.of(2024,6,25),""Pending""},","LocalDate.of(2024,6,25)","(2024,6,25)"
1029,1486,4/11/2024,Cancelled,"{1029,1486,LocalDate.of(2024,4,11),""Cancelled""},","LocalDate.of(2024,4,11)","(2024,4,11)"
1030,1227,12/31/2024,Shipped,"{1030,1227,LocalDate.of(2024,12,31),""Shipped""},","LocalDate.of(2024,12,31)","(2024,12,31)"
1031,1036,11/8/2024,Delivered,"{1031,1036,LocalDate.of(2024,11,8),""Delivered""},","LocalDate.of(2024,11,8)","(2024,11,8)"
1032,1450,10/22/2024,Shipped,"{1032,1450,LocalDate.of(2024,10,22),""Shipped""},","LocalDate.of(2024,10,22)","(2024,10,22)"
1033,1420,10/1/2024,Cancelled,"{1033,1420,LocalDate.of(2024,10,1),""Cancelled""},","LocalDate.of(2024,10,1)","(2024,10,1)"
1034,1093,8/4/2024,Delivered,"{1034,1093,LocalDate.of(2024,8,4),""Delivered""},","LocalDate.of(2024,8,4)","(2024,8,4)"
1035,1060,2/13/2024,Cancelled,"{1035,1060,LocalDate.of(2024,2,13),""Cancelled""},","LocalDate.of(2024,2,13)","(2024,2,13)"
1036,1463,2/22/2024,Processed,"{1036,1463,LocalDate.of(2024,2,22),""Processed""},","LocalDate.of(2024,2,22)","(2024,2,22)"
1037,1256,5/19/2024,Shipped,"{1037,1256,LocalDate.of(2024,5,19),""Shipped""},","LocalDate.of(2024,5,19)","(2024,5,19)"
1038,1422,11/7/2024,Cancelled,"{1038,1422,LocalDate.of(2024,11,7),""Cancelled""},","LocalDate.of(2024,11,7)","(2024,11,7)"
1039,1162,2/23/2024,Processed,"{1039,1162,LocalDate.of(2024,2,23),""Processed""},","LocalDate.of(2024,2,23)","(2024,2,23)"
1040,1463,3/24/2024,Delivered,"{1040,1463,LocalDate.of(2024,3,24),""Delivered""},","LocalDate.of(2024,3,24)","(2024,3,24)"
1041,1112,1/15/2025,Processed,"{1041,1112,LocalDate.of(2025,1,15),""Processed""},","LocalDate.of(2025,1,15)","(2025,1,15)"
1042,1070,9/4/2024,Processed,"{1042,1070,LocalDate.of(2024,9,4),""Processed""},","LocalDate.of(2024,9,4)","(2024,9,4)"
1043,1153,6/19/2024,Shipped,"{1043,1153,LocalDate.of(2024,6,19),""Shipped""},","LocalDate.of(2024,6,19)","(2024,6,19)"
1044,1226,2/25/2024,Pending,"{1044,1226,LocalDate.of(2024,2,25),""Pending""},","LocalDate.of(2024,2,25)","(2024,2,25)"
1045,1065,4/28/2024,Delivered,"{1045,1065,LocalDate.of(2024,4,28),""Delivered""},","LocalDate.of(2024,4,28)","(2024,4,28)"
1046,1418,6/4/2024,Delivered,"{1046,1418,LocalDate.of(2024,6,4),""Delivered""},","LocalDate.of(2024,6,4)","(2024,6,4)"
1047,1248,6/5/2024,Delivered,"{1047,1248,LocalDate.of(2024,6,5),""Delivered""},","LocalDate.of(2024,6,5)","(2024,6,5)"
1048,1156,1/14/2025,Cancelled,"{1048,1156,LocalDate.of(2025,1,14),""Cancelled""},","LocalDate.of(2025,1,14)","(2025,1,14)"
1049,1042,11/27/2024,Shipped,"{1049,1042,LocalDate.of(2024,11,27),""Shipped""},","LocalDate.of(2024,11,27)","(2024,11,27)"
1050,1377,4/2/2024,Processed,"{1050,1377,LocalDate.of(2024,4,2),""Processed""},","LocalDate.of(2024,4,2)","(2024,4,2)"
1051,1360,3/13/2024,Shipped,"{1051,1360,LocalDate.of(2024,3,13),""Shipped""},","LocalDate.of(2024,3,13)","(2024,3,13)"
1052,1011,3/31/2024,Cancelled,"{1052,1011,LocalDate.of(2024,3,31),""Cancelled""},","LocalDate.of(2024,3,31)","(2024,3,31)"
1053,1064,5/4/2024,Delivered,"{1053,1064,LocalDate.of(2024,5,4),""Delivered""},","LocalDate.of(2024,5,4)","(2024,5,4)"
1054,1288,5/5/2024,Shipped,"{1054,1288,LocalDate.of(2024,5,5),""Shipped""},","LocalDate.of(2024,5,5)","(2024,5,5)"
1055,1215,1/27/2024,Cancelled,"{1055,1215,LocalDate.of(2024,1,27),""Cancelled""},","LocalDate.of(2024,1,27)","(2024,1,27)"
1056,1496,11/27/2024,Cancelled,"{1056,1496,LocalDate.of(2024,11,27),""Cancelled""},","LocalDate.of(2024,11,27)","(2024,11,27)"
1057,1349,12/19/2024,Cancelled,"{1057,1349,LocalDate.of(2024,12,19),""Cancelled""},","LocalDate.of(2024,12,19)","(2024,12,19)"
1058,1463,2/29/2024,Shipped,"{1058,1463,LocalDate.of(2024,2,29),""Shipped""},","LocalDate.of(2024,2,29)","(2024,2,29)"
1059,1293,8/25/2024,Processed,"{1059,1293,LocalDate.of(2024,8,25),""Processed""},","LocalDate.of(2024,8,25)","(2024,8,25)"
1060,1212,4/2/2024,Cancelled,"{1060,1212,LocalDate.of(2024,4,2),""Cancelled""},","LocalDate.of(2024,4,2)","(2024,4,2)"
1061,1427,8/14/2024,Shipped,"{1061,1427,LocalDate.of(2024,8,14),""Shipped""},","LocalDate.of(2024,8,14)","(2024,8,14)"
1062,1338,12/17/2024,Cancelled,"{1062,1338,LocalDate.of(2024,12,17),""Cancelled""},","LocalDate.of(2024,12,17)","(2024,12,17)"
1063,1302,7/6/2024,Processed,"{1063,1302,LocalDate.of(2024,7,6),""Processed""},","LocalDate.of(2024,7,6)","(2024,7,6)"
1064,1305,1/20/2025,Shipped,"{1064,1305,LocalDate.of(2025,1,20),""Shipped""},","LocalDate.of(2025,1,20)","(2025,1,20)"
1065,1483,3/10/2024,Processed,"{1065,1483,LocalDate.of(2024,3,10),""Processed""},","LocalDate.of(2024,3,10)","(2024,3,10)"
1066,1144,1/16/2025,Delivered,"{1066,1144,LocalDate.of(2025,1,16),""Delivered""},","LocalDate.of(2025,1,16)","(2025,1,16)"
1067,1295,2/19/2024,Delivered,"{1067,1295,LocalDate.of(2024,2,19),""Delivered""},","LocalDate.of(2024,2,19)","(2024,2,19)"
1068,1434,9/1/2024,Cancelled,"{1068,1434,LocalDate.of(2024,9,1),""Cancelled""},","LocalDate.of(2024,9,1)","(2024,9,1)"
1069,1126,2/21/2024,Processed,"{1069,1126,LocalDate.of(2024,2,21),""Processed""},","LocalDate.of(2024,2,21)","(2024,2,21)"
1070,1028,7/25/2024,Cancelled,"{1070,1028,LocalDate.of(2024,7,25),""Cancelled""},","LocalDate.of(2024,7,25)","(2024,7,25)"
1071,1324,8/13/2024,Delivered,"{1071,1324,LocalDate.of(2024,8,13),""Delivered""},","LocalDate.of(2024,8,13)","(2024,8,13)"
1072,1010,3/15/2024,Shipped,"{1072,1010,LocalDate.of(2024,3,15),""Shipped""},","LocalDate.of(2024,3,15)","(2024,3,15)"
1073,1281,4/4/2024,Pending,"{1073,1281,LocalDate.of(2024,4,4),""Pending""},","LocalDate.of(2024,4,4)","(2024,4,4)"
1074,1248,2/15/2024,Processed,"{1074,1248,LocalDate.of(2024,2,15),""Processed""},","LocalDate.of(2024,2,15)","(2024,2,15)"
1075,1106,5/4/2024,Processed,"{1075,1106,LocalDate.of(2024,5,4),""Processed""},","LocalDate.of(2024,5,4)","(2024,5,4)"
1076,1086,8/1/2024,Pending,"{1076,1086,LocalDate.of(2024,8,1),""Pending""},","LocalDate.of(2024,8,1)","(2024,8,1)"
1077,1056,4/30/2024,Cancelled,"{1077,1056,LocalDate.of(2024,4,30),""Cancelled""},","LocalDate.of(2024,4,30)","(2024,4,30)"
1078,1322,1/21/2025,Processed,"{1078,1322,LocalDate.of(2025,1,21),""Processed""},","LocalDate.of(2025,1,21)","(2025,1,21)"
1079,1493,7/6/2024,Cancelled,"{1079,1493,LocalDate.of(2024,7,6),""Cancelled""},","LocalDate.of(2024,7,6)","(2024,7,6)"
1080,1205,7/26/2024,Shipped,"{1080,1205,LocalDate.of(2024,7,26),""Shipped""},","LocalDate.of(2024,7,26)","(2024,7,26)"
1081,1285,8/4/2024,Delivered,"{1081,1285,LocalDate.of(2024,8,4),""Delivered""},","LocalDate.of(2024,8,4)","(2024,8,4)"
1082,1311,9/15/2024,Delivered,"{1082,1311,LocalDate.of(2024,9,15),""Delivered""},","LocalDate.of(2024,9,15)","(2024,9,15)"
1083,1457,6/3/2024,Cancelled,"{1083,1457,LocalDate.of(2024,6,3),""Cancelled""},","LocalDate.of(2024,6,3)","(2024,6,3)"
1084,1041,3/31/2024,Shipped,"{1084,1041,LocalDate.of(2024,3,31),""Shipped""},","LocalDate.of(2024,3,31)","(2024,3,31)"
1085,1370,5/15/2024,Shipped,"{1085,1370,LocalDate.of(2024,5,15),""Shipped""},","LocalDate.of(2024,5,15)","(2024,5,15)"
1086,1344,11/2/2024,Pending,"{1086,1344,LocalDate.of(2024,11,2),""Pending""},","LocalDate.of(2024,11,2)","(2024,11,2)"
1087,1021,12/15/2024,Pending,"{1087,1021,LocalDate.of(2024,12,15),""Pending""},","LocalDate.of(2024,12,15)","(2024,12,15)"
1088,1076,5/12/2024,Cancelled,"{1088,1076,LocalDate.of(2024,5,12),""Cancelled""},","LocalDate.of(2024,5,12)","(2024,5,12)"
1089,1049,6/24/2024,Shipped,"{1089,1049,LocalDate.of(2024,6,24),""Shipped""},","LocalDate.of(2024,6,24)","(2024,6,24)"
1090,1296,2/20/2024,Pending,"{1090,1296,LocalDate.of(2024,2,20),""Pending""},","LocalDate.of(2024,2,20)","(2024,2,20)"
1091,1469,3/19/2024,Cancelled,"{1091,1469,LocalDate.of(2024,3,19),""Cancelled""},","LocalDate.of(2024,3,19)","(2024,3,19)"
1092,1326,7/23/2024,Delivered,"{1092,1326,LocalDate.of(2024,7,23),""Delivered""},","LocalDate.of(2024,7,23)","(2024,7,23)"
1093,1287,6/17/2024,Processed,"{1093,1287,LocalDate.of(2024,6,17),""Processed""},","LocalDate.of(2024,6,17)","(2024,6,17)"
1094,1065,7/25/2024,Processed,"{1094,1065,LocalDate.of(2024,7,25),""Processed""},","LocalDate.of(2024,7,25)","(2024,7,25)"
1095,1393,4/2/2024,Shipped,"{1095,1393,LocalDate.of(2024,4,2),""Shipped""},","LocalDate.of(2024,4,2)","(2024,4,2)"
1096,1021,2/20/2024,Cancelled,"{1096,1021,LocalDate.of(2024,2,20),""Cancelled""},","LocalDate.of(2024,2,20)","(2024,2,20)"
1097,1253,5/14/2024,Shipped,"{1097,1253,LocalDate.of(2024,5,14),""Shipped""},","LocalDate.of(2024,5,14)","(2024,5,14)"
1098,1360,12/24/2024,Pending,"{1098,1360,LocalDate.of(2024,12,24),""Pending""},","LocalDate.of(2024,12,24)","(2024,12,24)"
1099,1122,9/28/2024,Delivered,"{1099,1122,LocalDate.of(2024,9,28),""Delivered""},","LocalDate.of(2024,9,28)","(2024,9,28)"
1100,1001,4/18/2024,Processed,"{1100,1001,LocalDate.of(2024,4,18),""Processed""},","LocalDate.of(2024,4,18)","(2024,4,18)"
1101,1326,2/8/2024,Pending,"{1101,1326,LocalDate.of(2024,2,8),""Pending""},","LocalDate.of(2024,2,8)","(2024,2,8)"
1102,1206,2/3/2024,Pending,"{1102,1206,LocalDate.of(2024,2,3),""Pending""},","LocalDate.of(2024,2,3)","(2024,2,3)"
1103,1437,1/17/2025,Delivered,"{1103,1437,LocalDate.of(2025,1,17),""Delivered""},","LocalDate.of(2025,1,17)","(2025,1,17)"
1104,1398,11/28/2024,Cancelled,"{1104,1398,LocalDate.of(2024,11,28),""Cancelled""},","LocalDate.of(2024,11,28)","(2024,11,28)"
1105,1172,10/19/2024,Pending,"{1105,1172,LocalDate.of(2024,10,19),""Pending""},","LocalDate.of(2024,10,19)","(2024,10,19)"
1106,1029,1/10/2025,Pending,"{1106,1029,LocalDate.of(2025,1,10),""Pending""},","LocalDate.of(2025,1,10)","(2025,1,10)"
1107,1223,9/5/2024,Processed,"{1107,1223,LocalDate.of(2024,9,5),""Processed""},","LocalDate.of(2024,9,5)","(2024,9,5)"
1108,1046,3/31/2024,Shipped,"{1108,1046,LocalDate.of(2024,3,31),""Shipped""},","LocalDate.of(2024,3,31)","(2024,3,31)"
1109,1093,3/21/2024,Delivered,"{1109,1093,LocalDate.of(2024,3,21),""Delivered""},","LocalDate.of(2024,3,21)","(2024,3,21)"
1110,1008,4/25/2024,Shipped,"{1110,1008,LocalDate.of(2024,4,25),""Shipped""},","LocalDate.of(2024,4,25)","(2024,4,25)"
1111,1221,5/22/2024,Shipped,"{1111,1221,LocalDate.of(2024,5,22),""Shipped""},","LocalDate.of(2024,5,22)","(2024,5,22)"
1112,1284,3/24/2024,Delivered,"{1112,1284,LocalDate.of(2024,3,24),""Delivered""},","LocalDate.of(2024,3,24)","(2024,3,24)"
1113,1221,5/1/2024,Processed,"{1113,1221,LocalDate.of(2024,5,1),""Processed""},","LocalDate.of(2024,5,1)","(2024,5,1)"
1114,1378,9/16/2024,Shipped,"{1114,1378,LocalDate.of(2024,9,16),""Shipped""},","LocalDate.of(2024,9,16)","(2024,9,16)"
1115,1018,9/10/2024,Delivered,"{1115,1018,LocalDate.of(2024,9,10),""Delivered""},","LocalDate.of(2024,9,10)","(2024,9,10)"
1116,1491,1/26/2024,Cancelled,"{1116,1491,LocalDate.of(2024,1,26),""Cancelled""},","LocalDate.of(2024,1,26)","(2024,1,26)"
1117,1357,2/11/2024,Cancelled,"{1117,1357,LocalDate.of(2024,2,11),""Cancelled""},","LocalDate.of(2024,2,11)","(2024,2,11)"
1118,1083,6/10/2024,Processed,"{1118,1083,LocalDate.of(2024,6,10),""Processed""},","LocalDate.of(2024,6,10)","(2024,6,10)"
1119,1155,10/4/2024,Cancelled,"{1119,1155,LocalDate.of(2024,10,4),""Cancelled""},","LocalDate.of(2024,10,4)","(2024,10,4)"
1120,1415,10/9/2024,Pending,"{1120,1415,LocalDate.of(2024,10,9),""Pending""},","LocalDate.of(2024,10,9)","(2024,10,9)"
1121,1454,12/8/2024,Cancelled,"{1121,1454,LocalDate.of(2024,12,8),""Cancelled""},","LocalDate.of(2024,12,8)","(2024,12,8)"
1122,1024,12/27/2024,Delivered,"{1122,1024,LocalDate.of(2024,12,27),""Delivered""},","LocalDate.of(2024,12,27)","(2024,12,27)"
1123,1331,3/21/2024,Cancelled,"{1123,1331,LocalDate.of(2024,3,21),""Cancelled""},","LocalDate.of(2024,3,21)","(2024,3,21)"
1124,1094,10/24/2024,Delivered,"{1124,1094,LocalDate.of(2024,10,24),""Delivered""},","LocalDate.of(2024,10,24)","(2024,10,24)"
1125,1182,9/1/2024,Shipped,"{1125,1182,LocalDate.of(2024,9,1),""Shipped""},","LocalDate.of(2024,9,1)","(2024,9,1)"
1126,1026,6/23/2024,Delivered,"{1126,1026,LocalDate.of(2024,6,23),""Delivered""},","LocalDate.of(2024,6,23)","(2024,6,23)"
1127,1192,4/5/2024,Delivered,"{1127,1192,LocalDate.of(2024,4,5),""Delivered""},","LocalDate.of(2024,4,5)","(2024,4,5)"
1128,1077,2/7/2024,Shipped,"{1128,1077,LocalDate.of(2024,2,7),""Shipped""},","LocalDate.of(2024,2,7)","(2024,2,7)"
1129,1435,8/22/2024,Cancelled,"{1129,1435,LocalDate.of(2024,8,22),""Cancelled""},","LocalDate.of(2024,8,22)","(2024,8,22)"
1130,1153,7/20/2024,Processed,"{1130,1153,LocalDate.of(2024,7,20),""Processed""},","LocalDate.of(2024,7,20)","(2024,7,20)"
1131,1040,4/19/2024,Shipped,"{1131,1040,LocalDate.of(2024,4,19),""Shipped""},","LocalDate.of(2024,4,19)","(2024,4,19)"
1132,1275,8/26/2024,Processed,"{1132,1275,LocalDate.of(2024,8,26),""Processed""},","LocalDate.of(2024,8,26)","(2024,8,26)"
1133,1425,6/10/2024,Cancelled,"{1133,1425,LocalDate.of(2024,6,10),""Cancelled""},","LocalDate.of(2024,6,10)","(2024,6,10)"
1134,1500,12/21/2024,Pending,"{1134,1500,LocalDate.of(2024,12,21),""Pending""},","LocalDate.of(2024,12,21)","(2024,12,21)"
1135,1211,6/24/2024,Delivered,"{1135,1211,LocalDate.of(2024,6,24),""Delivered""},","LocalDate.of(2024,6,24)","(2024,6,24)"
1136,1154,1/23/2025,Cancelled,"{1136,1154,LocalDate.of(2025,1,23),""Cancelled""},","LocalDate.of(2025,1,23)","(2025,1,23)"
1137,1269,7/5/2024,Processed,"{1137,1269,LocalDate.of(2024,7,5),""Processed""},","LocalDate.of(2024,7,5)","(2024,7,5)"
1138,1268,9/20/2024,Shipped,"{1138,1268,LocalDate.of(2024,9,20),""Shipped""},","LocalDate.of(2024,9,20)","(2024,9,20)"
1139,1367,4/4/2024,Pending,"{1139,1367,LocalDate.of(2024,4,4),""Pending""},","LocalDate.of(2024,4,4)","(2024,4,4)"
1140,1235,4/4/2024,Cancelled,"{1140,1235,LocalDate.of(2024,4,4),""Cancelled""},","LocalDate.of(2024,4,4)","(2024,4,4)"
1141,1234,8/24/2024,Processed,"{1141,1234,LocalDate.of(2024,8,24),""Processed""},","LocalDate.of(2024,8,24)","(2024,8,24)"
1142,1320,8/4/2024,Cancelled,"{1142,1320,LocalDate.of(2024,8,4),""Cancelled""},","LocalDate.of(2024,8,4)","(2024,8,4)"
1143,1230,12/17/2024,Delivered,"{1143,1230,LocalDate.of(2024,12,17),""Delivered""},","LocalDate.of(2024,12,17)","(2024,12,17)"
1144,1392,9/22/2024,Pending,"{1144,1392,LocalDate.of(2024,9,22),""Pending""},","LocalDate.of(2024,9,22)","(2024,9,22)"
1145,1338,11/4/2024,Pending,"{1145,1338,LocalDate.of(2024,11,4),""Pending""},","LocalDate.of(2024,11,4)","(2024,11,4)"
1146,1363,3/31/2024,Shipped,"{1146,1363,LocalDate.of(2024,3,31),""Shipped""},","LocalDate.of(2024,3,31)","(2024,3,31)"
1147,1314,5/22/2024,Shipped,"{1147,1314,LocalDate.of(2024,5,22),""Shipped""},","LocalDate.of(2024,5,22)","(2024,5,22)"
1148,1406,4/23/2024,Pending,"{1148,1406,LocalDate.of(2024,4,23),""Pending""},","LocalDate.of(2024,4,23)","(2024,4,23)"
1149,1464,8/29/2024,Delivered,"{1149,1464,LocalDate.of(2024,8,29),""Delivered""},","LocalDate.of(2024,8,29)","(2024,8,29)"
1150,1259,1/14/2025,Pending,"{1150,1259,LocalDate.of(2025,1,14),""Pending""},","LocalDate.of(2025,1,14)","(2025,1,14)"
1151,1155,12/31/2024,Processed,"{1151,1155,LocalDate.of(2024,12,31),""Processed""},","LocalDate.of(2024,12,31)","(2024,12,31)"
1152,1118,6/20/2024,Pending,"{1152,1118,LocalDate.of(2024,6,20),""Pending""},","LocalDate.of(2024,6,20)","(2024,6,20)"
1153,1218,8/2/2024,Pending,"{1153,1218,LocalDate.of(2024,8,2),""Pending""},","LocalDate.of(2024,8,2)","(2024,8,2)"
1154,1464,4/24/2024,Processed,"{1154,1464,LocalDate.of(2024,4,24),""Processed""},","LocalDate.of(2024,4,24)","(2024,4,24)"
1155,1269,11/2/2024,Delivered,"{1155,1269,LocalDate.of(2024,11,2),""Delivered""},","LocalDate.of(2024,11,2)","(2024,11,2)"
1156,1218,4/4/2024,Cancelled,"{1156,1218,LocalDate.of(2024,4,4),""Cancelled""},","LocalDate.of(2024,4,4)","(2024,4,4)"
1157,1447,9/3/2024,Cancelled,"{1157,1447,LocalDate.of(2024,9,3),""Cancelled""},","LocalDate.of(2024,9,3)","(2024,9,3)"
1158,1340,3/9/2024,Delivered,"{1158,1340,LocalDate.of(2024,3,9),""Delivered""},","LocalDate.of(2024,3,9)","(2024,3,9)"
1159,1109,9/29/2024,Cancelled,"{1159,1109,LocalDate.of(2024,9,29),""Cancelled""},","LocalDate.of(2024,9,29)","(2024,9,29)"
1160,1015,5/8/2024,Cancelled,"{1160,1015,LocalDate.of(2024,5,8),""Cancelled""},","LocalDate.of(2024,5,8)","(2024,5,8)"
1161,1120,11/18/2024,Delivered,"{1161,1120,LocalDate.of(2024,11,18),""Delivered""},","LocalDate.of(2024,11,18)","(2024,11,18)"
1162,1487,3/10/2024,Cancelled,"{1162,1487,LocalDate.of(2024,3,10),""Cancelled""},","LocalDate.of(2024,3,10)","(2024,3,10)"
1163,1265,5/20/2024,Processed,"{1163,1265,LocalDate.of(2024,5,20),""Processed""},","LocalDate.of(2024,5,20)","(2024,5,20)"
1164,1267,4/27/2024,Cancelled,"{1164,1267,LocalDate.of(2024,4,27),""Cancelled""},","LocalDate.of(2024,4,27)","(2024,4,27)"
1165,1347,6/29/2024,Cancelled,"{1165,1347,LocalDate.of(2024,6,29),""Cancelled""},","LocalDate.of(2024,6,29)","(2024,6,29)"
1166,1435,5/1/2024,Shipped,"{1166,1435,LocalDate.of(2024,5,1),""Shipped""},","LocalDate.of(2024,5,1)","(2024,5,1)"
1167,1239,12/29/2024,Shipped,"{1167,1239,LocalDate.of(2024,12,29),""Shipped""},","LocalDate.of(2024,12,29)","(2024,12,29)"
1168,1388,7/23/2024,Pending,"{1168,1388,LocalDate.of(2024,7,23),""Pending""},","LocalDate.of(2024,7,23)","(2024,7,23)"
1169,1290,5/28/2024,Delivered,"{1169,1290,LocalDate.of(2024,5,28),""Delivered""},","LocalDate.of(2024,5,28)","(2024,5,28)"
1170,1321,4/2/2024,Processed,"{1170,1321,LocalDate.of(2024,4,2),""Processed""},","LocalDate.of(2024,4,2)","(2024,4,2)"
1171,1412,8/14/2024,Shipped,"{1171,1412,LocalDate.of(2024,8,14),""Shipped""},","LocalDate.of(2024,8,14)","(2024,8,14)"
1172,1279,9/20/2024,Shipped,"{1172,1279,LocalDate.of(2024,9,20),""Shipped""},","LocalDate.of(2024,9,20)","(2024,9,20)"
1173,1485,7/12/2024,Processed,"{1173,1485,LocalDate.of(2024,7,12),""Processed""},","LocalDate.of(2024,7,12)","(2024,7,12)"
1174,1298,2/20/2024,Processed,"{1174,1298,LocalDate.of(2024,2,20),""Processed""},","LocalDate.of(2024,2,20)","(2024,2,20)"
1175,1119,6/25/2024,Delivered,"{1175,1119,LocalDate.of(2024,6,25),""Delivered""},","LocalDate.of(2024,6,25)","(2024,6,25)"
1176,1113,1/29/2024,Pending,"{1176,1113,LocalDate.of(2024,1,29),""Pending""},","LocalDate.of(2024,1,29)","(2024,1,29)"
1177,1269,12/22/2024,Cancelled,"{1177,1269,LocalDate.of(2024,12,22),""Cancelled""},","LocalDate.of(2024,12,22)","(2024,12,22)"
1178,1112,6/11/2024,Cancelled,"{1178,1112,LocalDate.of(2024,6,11),""Cancelled""},","LocalDate.of(2024,6,11)","(2024,6,11)"
1179,1141,1/3/2025,Shipped,"{1179,1141,LocalDate.of(2025,1,3),""Shipped""},","LocalDate.of(2025,1,3)","(2025,1,3)"
1180,1479,7/2/2024,Delivered,"{1180,1479,LocalDate.of(2024,7,2),""Delivered""},","LocalDate.of(2024,7,2)","(2024,7,2)"
1181,1241,8/12/2024,Processed,"{1181,1241,LocalDate.of(2024,8,12),""Processed""},","LocalDate.of(2024,8,12)","(2024,8,12)"
1182,1410,9/18/2024,Processed,"{1182,1410,LocalDate.of(2024,9,18),""Processed""},","LocalDate.of(2024,9,18)","(2024,9,18)"
1183,1336,1/26/2024,Delivered,"{1183,1336,LocalDate.of(2024,1,26),""Delivered""},","LocalDate.of(2024,1,26)","(2024,1,26)"
1184,1408,7/28/2024,Processed,"{1184,1408,LocalDate.of(2024,7,28),""Processed""},","LocalDate.of(2024,7,28)","(2024,7,28)"
1185,1338,5/20/2024,Cancelled,"{1185,1338,LocalDate.of(2024,5,20),""Cancelled""},","LocalDate.of(2024,5,20)","(2024,5,20)"
1186,1110,1/23/2025,Shipped,"{1186,1110,LocalDate.of(2025,1,23),""Shipped""},","LocalDate.of(2025,1,23)","(2025,1,23)"
1187,1060,8/25/2024,Shipped,"{1187,1060,LocalDate.of(2024,8,25),""Shipped""},","LocalDate.of(2024,8,25)","(2024,8,25)"
1188,1332,2/27/2024,Processed,"{1188,1332,LocalDate.of(2024,2,27),""Processed""},","LocalDate.of(2024,2,27)","(2024,2,27)"
1189,1162,12/21/2024,Processed,"{1189,1162,LocalDate.of(2024,12,21),""Processed""},","LocalDate.of(2024,12,21)","(2024,12,21)"
1190,1268,4/21/2024,Pending,"{1190,1268,LocalDate.of(2024,4,21),""Pending""},","LocalDate.of(2024,4,21)","(2024,4,21)"
1191,1211,1/28/2024,Processed,"{1191,1211,LocalDate.of(2024,1,28),""Processed""},","LocalDate.of(2024,1,28)","(2024,1,28)"
1192,1454,11/16/2024,Processed,"{1192,1454,LocalDate.of(2024,11,16),""Processed""},","LocalDate.of(2024,11,16)","(2024,11,16)"
1193,1167,9/20/2024,Processed,"{1193,1167,LocalDate.of(2024,9,20),""Processed""},","LocalDate.of(2024,9,20)","(2024,9,20)"
1194,1039,2/4/2024,Delivered,"{1194,1039,LocalDate.of(2024,2,4),""Delivered""},","LocalDate.of(2024,2,4)","(2024,2,4)"
1195,1253,1/5/2025,Processed,"{1195,1253,LocalDate.of(2025,1,5),""Processed""},","LocalDate.of(2025,1,5)","(2025,1,5)"
1196,1187,4/7/2024,Delivered,"{1196,1187,LocalDate.of(2024,4,7),""Delivered""},","LocalDate.of(2024,4,7)","(2024,4,7)"
1197,1361,10/25/2024,Cancelled,"{1197,1361,LocalDate.of(2024,10,25),""Cancelled""},","LocalDate.of(2024,10,25)","(2024,10,25)"
1198,1302,11/17/2024,Pending,"{1198,1302,LocalDate.of(2024,11,17),""Pending""},","LocalDate.of(2024,11,17)","(2024,11,17)"
1199,1340,3/16/2024,Pending,"{1199,1340,LocalDate.of(2024,3,16),""Pending""},","LocalDate.of(2024,3,16)","(2024,3,16)"
1200,1349,1/1/2025,Cancelled,"{1200,1349,LocalDate.of(2025,1,1),""Cancelled""},","LocalDate.of(2025,1,1)","(2025,1,1)"
1201,1176,4/9/2024,Cancelled,"{1201,1176,LocalDate.of(2024,4,9),""Cancelled""},","LocalDate.of(2024,4,9)","(2024,4,9)"
1202,1306,10/12/2024,Processed,"{1202,1306,LocalDate.of(2024,10,12),""Processed""},","LocalDate.of(2024,10,12)","(2024,10,12)"
1203,1156,10/18/2024,Cancelled,"{1203,1156,LocalDate.of(2024,10,18),""Cancelled""},","LocalDate.of(2024,10,18)","(2024,10,18)"
1204,1153,1/11/2025,Shipped,"{1204,1153,LocalDate.of(2025,1,11),""Shipped""},","LocalDate.of(2025,1,11)","(2025,1,11)"
1205,1022,12/1/2024,Shipped,"{1205,1022,LocalDate.of(2024,12,1),""Shipped""},","LocalDate.of(2024,12,1)","(2024,12,1)"
1206,1034,6/18/2024,Pending,"{1206,1034,LocalDate.of(2024,6,18),""Pending""},","LocalDate.of(2024,6,18)","(2024,6,18)"
1207,1162,7/9/2024,Delivered,"{1207,1162,LocalDate.of(2024,7,9),""Delivered""},","LocalDate.of(2024,7,9)","(2024,7,9)"
1208,1028,8/15/2024,Cancelled,"{1208,1028,LocalDate.of(2024,8,15),""Cancelled""},","LocalDate.of(2024,8,15)","(2024,8,15)"
1209,1085,4/13/2024,Cancelled,"{1209,1085,LocalDate.of(2024,4,13),""Cancelled""},","LocalDate.of(2024,4,13)","(2024,4,13)"
1210,1320,11/10/2024,Processed,"{1210,1320,LocalDate.of(2024,11,10),""Processed""},","LocalDate.of(2024,11,10)","(2024,11,10)"
1211,1234,8/29/2024,Delivered,"{1211,1234,LocalDate.of(2024,8,29),""Delivered""},","LocalDate.of(2024,8,29)","(2024,8,29)"
1212,1070,3/26/2024,Pending,"{1212,1070,LocalDate.of(2024,3,26),""Pending""},","LocalDate.of(2024,3,26)","(2024,3,26)"
1213,1299,1/22/2025,Pending,"{1213,1299,LocalDate.of(2025,1,22),""Pending""},","LocalDate.of(2025,1,22)","(2025,1,22)"
1214,1476,2/25/2024,Cancelled,"{1214,1476,LocalDate.of(2024,2,25),""Cancelled""},","LocalDate.of(2024,2,25)","(2024,2,25)"
1215,1180,1/2/2025,Shipped,"{1215,1180,LocalDate.of(2025,1,2),""Shipped""},","LocalDate.of(2025,1,2)","(2025,1,2)"
1216,1107,2/8/2024,Pending,"{1216,1107,LocalDate.of(2024,2,8),""Pending""},","LocalDate.of(2024,2,8)","(2024,2,8)"
1217,1397,8/1/2024,Cancelled,"{1217,1397,LocalDate.of(2024,8,1),""Cancelled""},","LocalDate.of(2024,8,1)","(2024,8,1)"
1218,1243,6/3/2024,Processed,"{1218,1243,LocalDate.of(2024,6,3),""Processed""},","LocalDate.of(2024,6,3)","(2024,6,3)"
1219,1046,6/27/2024,Cancelled,"{1219,1046,LocalDate.of(2024,6,27),""Cancelled""},","LocalDate.of(2024,6,27)","(2024,6,27)"
1220,1034,10/16/2024,Pending,"{1220,1034,LocalDate.of(2024,10,16),""Pending""},","LocalDate.of(2024,10,16)","(2024,10,16)"
1221,1095,9/18/2024,Pending,"{1221,1095,LocalDate.of(2024,9,18),""Pending""},","LocalDate.of(2024,9,18)","(2024,9,18)"
1222,1115,8/26/2024,Delivered,"{1222,1115,LocalDate.of(2024,8,26),""Delivered""},","LocalDate.of(2024,8,26)","(2024,8,26)"
1223,1216,3/1/2024,Delivered,"{1223,1216,LocalDate.of(2024,3,1),""Delivered""},","LocalDate.of(2024,3,1)","(2024,3,1)"
1224,1296,7/22/2024,Delivered,"{1224,1296,LocalDate.of(2024,7,22),""Delivered""},","LocalDate.of(2024,7,22)","(2024,7,22)"
1225,1323,11/8/2024,Pending,"{1225,1323,LocalDate.of(2024,11,8),""Pending""},","LocalDate.of(2024,11,8)","(2024,11,8)"
1226,1401,7/14/2024,Shipped,"{1226,1401,LocalDate.of(2024,7,14),""Shipped""},","LocalDate.of(2024,7,14)","(2024,7,14)"
1227,1077,12/11/2024,Pending,"{1227,1077,LocalDate.of(2024,12,11),""Pending""},","LocalDate.of(2024,12,11)","(2024,12,11)"
1228,1427,3/17/2024,Shipped,"{1228,1427,LocalDate.of(2024,3,17),""Shipped""},","LocalDate.of(2024,3,17)","(2024,3,17)"
1229,1214,10/12/2024,Processed,"{1229,1214,LocalDate.of(2024,10,12),""Processed""},","LocalDate.of(2024,10,12)","(2024,10,12)"
1230,1285,9/17/2024,Cancelled,"{1230,1285,LocalDate.of(2024,9,17),""Cancelled""},","LocalDate.of(2024,9,17)","(2024,9,17)"
1231,1426,8/6/2024,Pending,"{1231,1426,LocalDate.of(2024,8,6),""Pending""},","LocalDate.of(2024,8,6)","(2024,8,6)"
1232,1387,7/29/2024,Pending,"{1232,1387,LocalDate.of(2024,7,29),""Pending""},","LocalDate.of(2024,7,29)","(2024,7,29)"
1233,1117,5/21/2024,Processed,"{1233,1117,LocalDate.of(2024,5,21),""Processed""},","LocalDate.of(2024,5,21)","(2024,5,21)"
1234,1068,12/26/2024,Processed,"{1234,1068,LocalDate.of(2024,12,26),""Processed""},","LocalDate.of(2024,12,26)","(2024,12,26)"
1235,1399,1/25/2024,Shipped,"{1235,1399,LocalDate.of(2024,1,25),""Shipped""},","LocalDate.of(2024,1,25)","(2024,1,25)"
1236,1445,5/22/2024,Processed,"{1236,1445,LocalDate.of(2024,5,22),""Processed""},","LocalDate.of(2024,5,22)","(2024,5,22)"
1237,1431,2/7/2024,Cancelled,"{1237,1431,LocalDate.of(2024,2,7),""Cancelled""},","LocalDate.of(2024,2,7)","(2024,2,7)"
1238,1475,8/6/2024,Cancelled,"{1238,1475,LocalDate.of(2024,8,6),""Cancelled""},","LocalDate.of(2024,8,6)","(2024,8,6)"
1239,1158,4/15/2024,Cancelled,"{1239,1158,LocalDate.of(2024,4,15),""Cancelled""},","LocalDate.of(2024,4,15)","(2024,4,15)"
1240,1162,7/23/2024,Pending,"{1240,1162,LocalDate.of(2024,7,23),""Pending""},","LocalDate.of(2024,7,23)","(2024,7,23)"
1241,1472,7/21/2024,Cancelled,"{1241,1472,LocalDate.of(2024,7,21),""Cancelled""},","LocalDate.of(2024,7,21)","(2024,7,21)"
1242,1499,6/27/2024,Delivered,"{1242,1499,LocalDate.of(2024,6,27),""Delivered""},","LocalDate.of(2024,6,27)","(2024,6,27)"
1243,1500,4/7/2024,Cancelled,"{1243,1500,LocalDate.of(2024,4,7),""Cancelled""},","LocalDate.of(2024,4,7)","(2024,4,7)"
1244,1233,8/1/2024,Pending,"{1244,1233,LocalDate.of(2024,8,1),""Pending""},","LocalDate.of(2024,8,1)","(2024,8,1)"
1245,1337,3/23/2024,Cancelled,"{1245,1337,LocalDate.of(2024,3,23),""Cancelled""},","LocalDate.of(2024,3,23)","(2024,3,23)"
1246,1282,6/10/2024,Delivered,"{1246,1282,LocalDate.of(2024,6,10),""Delivered""},","LocalDate.of(2024,6,10)","(2024,6,10)"
1247,1358,10/14/2024,Delivered,"{1247,1358,LocalDate.of(2024,10,14),""Delivered""},","LocalDate.of(2024,10,14)","(2024,10,14)"
1248,1156,5/31/2024,Processed,"{1248,1156,LocalDate.of(2024,5,31),""Processed""},","LocalDate.of(2024,5,31)","(2024,5,31)"
1249,1089,1/27/2024,Delivered,"{1249,1089,LocalDate.of(2024,1,27),""Delivered""},","LocalDate.of(2024,1,27)","(2024,1,27)"
1250,1304,4/2/2024,Pending,"{1250,1304,LocalDate.of(2024,4,2),""Pending""},","LocalDate.of(2024,4,2)","(2024,4,2)"
1251,1413,4/13/2024,Delivered,"{1251,1413,LocalDate.of(2024,4,13),""Delivered""},","LocalDate.of(2024,4,13)","(2024,4,13)"
1252,1015,2/11/2024,Pending,"{1252,1015,LocalDate.of(2024,2,11),""Pending""},","LocalDate.of(2024,2,11)","(2024,2,11)"
1253,1233,9/23/2024,Delivered,"{1253,1233,LocalDate.of(2024,9,23),""Delivered""},","LocalDate.of(2024,9,23)","(2024,9,23)"
1254,1396,12/10/2024,Shipped,"{1254,1396,LocalDate.of(2024,12,10),""Shipped""},","LocalDate.of(2024,12,10)","(2024,12,10)"
1255,1475,4/12/2024,Shipped,"{1255,1475,LocalDate.of(2024,4,12),""Shipped""},","LocalDate.of(2024,4,12)","(2024,4,12)"
1256,1246,8/27/2024,Pending,"{1256,1246,LocalDate.of(2024,8,27),""Pending""},","LocalDate.of(2024,8,27)","(2024,8,27)"
1257,1197,7/26/2024,Processed,"{1257,1197,LocalDate.of(2024,7,26),""Processed""},","LocalDate.of(2024,7,26)","(2024,7,26)"
1258,1286,11/24/2024,Shipped,"{1258,1286,LocalDate.of(2024,11,24),""Shipped""},","LocalDate.of(2024,11,24)","(2024,11,24)"
1259,1056,3/29/2024,Cancelled,"{1259,1056,LocalDate.of(2024,3,29),""Cancelled""},","LocalDate.of(2024,3,29)","(2024,3,29)"
1260,1166,5/20/2024,Shipped,"{1260,1166,LocalDate.of(2024,5,20),""Shipped""},","LocalDate.of(2024,5,20)","(2024,5,20)"
1261,1054,8/29/2024,Delivered,"{1261,1054,LocalDate.of(2024,8,29),""Delivered""},","LocalDate.of(2024,8,29)","(2024,8,29)"
1262,1212,5/16/2024,Shipped,"{1262,1212,LocalDate.of(2024,5,16),""Shipped""},","LocalDate.of(2024,5,16)","(2024,5,16)"
1263,1303,11/1/2024,Processed,"{1263,1303,LocalDate.of(2024,11,1),""Processed""},","LocalDate.of(2024,11,1)","(2024,11,1)"
1264,1452,12/29/2024,Delivered,"{1264,1452,LocalDate.of(2024,12,29),""Delivered""},","LocalDate.of(2024,12,29)","(2024,12,29)"
1265,1121,1/3/2025,Shipped,"{1265,1121,LocalDate.of(2025,1,3),""Shipped""},","LocalDate.of(2025,1,3)","(2025,1,3)"
1266,1484,7/24/2024,Pending,"{1266,1484,LocalDate.of(2024,7,24),""Pending""},","LocalDate.of(2024,7,24)","(2024,7,24)"
1267,1265,8/29/2024,Shipped,"{1267,1265,LocalDate.of(2024,8,29),""Shipped""},","LocalDate.of(2024,8,29)","(2024,8,29)"
1268,1279,3/20/2024,Cancelled,"{1268,1279,LocalDate.of(2024,3,20),""Cancelled""},","LocalDate.of(2024,3,20)","(2024,3,20)"
1269,1251,5/13/2024,Shipped,"{1269,1251,LocalDate.of(2024,5,13),""Shipped""},","LocalDate.of(2024,5,13)","(2024,5,13)"
1270,1120,2/5/2024,Pending,"{1270,1120,LocalDate.of(2024,2,5),""Pending""},","LocalDate.of(2024,2,5)","(2024,2,5)"
1271,1203,8/26/2024,Shipped,"{1271,1203,LocalDate.of(2024,8,26),""Shipped""},","LocalDate.of(2024,8,26)","(2024,8,26)"
1272,1103,11/9/2024,Shipped,"{1272,1103,LocalDate.of(2024,11,9),""Shipped""},","LocalDate.of(2024,11,9)","(2024,11,9)"
1273,1309,2/27/2024,Shipped,"{1273,1309,LocalDate.of(2024,2,27),""Shipped""},","LocalDate.of(2024,2,27)","(2024,2,27)"
1274,1062,7/23/2024,Delivered,"{1274,1062,LocalDate.of(2024,7,23),""Delivered""},","LocalDate.of(2024,7,23)","(2024,7,23)"
1275,1023,5/24/2024,Processed,"{1275,1023,LocalDate.of(2024,5,24),""Processed""},","LocalDate.of(2024,5,24)","(2024,5,24)"
1276,1320,1/31/2024,Shipped,"{1276,1320,LocalDate.of(2024,1,31),""Shipped""},","LocalDate.of(2024,1,31)","(2024,1,31)"
1277,1189,6/14/2024,Processed,"{1277,1189,LocalDate.of(2024,6,14),""Processed""},","LocalDate.of(2024,6,14)","(2024,6,14)"
1278,1078,12/18/2024,Cancelled,"{1278,1078,LocalDate.of(2024,12,18),""Cancelled""},","LocalDate.of(2024,12,18)","(2024,12,18)"
1279,1030,1/11/2025,Shipped,"{1279,1030,LocalDate.of(2025,1,11),""Shipped""},","LocalDate.of(2025,1,11)","(2025,1,11)"
1280,1169,2/18/2024,Delivered,"{1280,1169,LocalDate.of(2024,2,18),""Delivered""},","LocalDate.of(2024,2,18)","(2024,2,18)"
1281,1427,1/1/2025,Delivered,"{1281,1427,LocalDate.of(2025,1,1),""Delivered""},","LocalDate.of(2025,1,1)","(2025,1,1)"
1282,1192,10/12/2024,Shipped,"{1282,1192,LocalDate.of(2024,10,12),""Shipped""},","LocalDate.of(2024,10,12)","(2024,10,12)"
1283,1304,12/3/2024,Pending,"{1283,1304,LocalDate.of(2024,12,3),""Pending""},","LocalDate.of(2024,12,3)","(2024,12,3)"
1284,1455,2/17/2024,Cancelled,"{1284,1455,LocalDate.of(2024,2,17),""Cancelled""},","LocalDate.of(2024,2,17)","(2024,2,17)"
1285,1223,10/29/2024,Shipped,"{1285,1223,LocalDate.of(2024,10,29),""Shipped""},","LocalDate.of(2024,10,29)","(2024,10,29)"
1286,1127,2/5/2024,Delivered,"{1286,1127,LocalDate.of(2024,2,5),""Delivered""},","LocalDate.of(2024,2,5)","(2024,2,5)"
1287,1486,5/13/2024,Processed,"{1287,1486,LocalDate.of(2024,5,13),""Processed""},","LocalDate.of(2024,5,13)","(2024,5,13)"
1288,1283,6/17/2024,Shipped,"{1288,1283,LocalDate.of(2024,6,17),""Shipped""},","LocalDate.of(2024,6,17)","(2024,6,17)"
1289,1480,4/2/2024,Cancelled,"{1289,1480,LocalDate.of(2024,4,2),""Cancelled""},","LocalDate.of(2024,4,2)","(2024,4,2)"
1290,1317,9/17/2024,Pending,"{1290,1317,LocalDate.of(2024,9,17),""Pending""},","LocalDate.of(2024,9,17)","(2024,9,17)"
1291,1437,2/17/2024,Delivered,"{1291,1437,LocalDate.of(2024,2,17),""Delivered""},","LocalDate.of(2024,2,17)","(2024,2,17)"
1292,1042,5/14/2024,Delivered,"{1292,1042,LocalDate.of(2024,5,14),""Delivered""},","LocalDate.of(2024,5,14)","(2024,5,14)"
1293,1076,10/16/2024,Cancelled,"{1293,1076,LocalDate.of(2024,10,16),""Cancelled""},","LocalDate.of(2024,10,16)","(2024,10,16)"
1294,1336,3/3/2024,Processed,"{1294,1336,LocalDate.of(2024,3,3),""Processed""},","LocalDate.of(2024,3,3)","(2024,3,3)"
1295,1429,10/21/2024,Processed,"{1295,1429,LocalDate.of(2024,10,21),""Processed""},","LocalDate.of(2024,10,21)","(2024,10,21)"
1296,1318,9/9/2024,Pending,"{1296,1318,LocalDate.of(2024,9,9),""Pending""},","LocalDate.of(2024,9,9)","(2024,9,9)"
1297,1050,1/14/2025,Pending,"{1297,1050,LocalDate.of(2025,1,14),""Pending""},","LocalDate.of(2025,1,14)","(2025,1,14)"
1298,1426,9/21/2024,Pending,"{1298,1426,LocalDate.of(2024,9,21),""Pending""},","LocalDate.of(2024,9,21)","(2024,9,21)"
1299,1258,8/18/2024,Delivered,"{1299,1258,LocalDate.of(2024,8,18),""Delivered""},","LocalDate.of(2024,8,18)","(2024,8,18)"
1300,1196,11/19/2024,Processed,"{1300,1196,LocalDate.of(2024,11,19),""Processed""},","LocalDate.of(2024,11,19)","(2024,11,19)"
1301,1431,8/24/2024,Cancelled,"{1301,1431,LocalDate.of(2024,8,24),""Cancelled""},","LocalDate.of(2024,8,24)","(2024,8,24)"
1302,1126,9/9/2024,Processed,"{1302,1126,LocalDate.of(2024,9,9),""Processed""},","LocalDate.of(2024,9,9)","(2024,9,9)"
1303,1076,12/18/2024,Processed,"{1303,1076,LocalDate.of(2024,12,18),""Processed""},","LocalDate.of(2024,12,18)","(2024,12,18)"
1304,1189,9/2/2024,Shipped,"{1304,1189,LocalDate.of(2024,9,2),""Shipped""},","LocalDate.of(2024,9,2)","(2024,9,2)"
1305,1313,11/21/2024,Delivered,"{1305,1313,LocalDate.of(2024,11,21),""Delivered""},","LocalDate.of(2024,11,21)","(2024,11,21)"
1306,1103,8/4/2024,Processed,"{1306,1103,LocalDate.of(2024,8,4),""Processed""},","LocalDate.of(2024,8,4)","(2024,8,4)"
1307,1475,2/2/2024,Shipped,"{1307,1475,LocalDate.of(2024,2,2),""Shipped""},","LocalDate.of(2024,2,2)","(2024,2,2)"
1308,1054,3/26/2024,Delivered,"{1308,1054,LocalDate.of(2024,3,26),""Delivered""},","LocalDate.of(2024,3,26)","(2024,3,26)"
1309,1292,8/16/2024,Processed,"{1309,1292,LocalDate.of(2024,8,16),""Processed""},","LocalDate.of(2024,8,16)","(2024,8,16)"
1310,1169,5/9/2024,Delivered,"{1310,1169,LocalDate.of(2024,5,9),""Delivered""},","LocalDate.of(2024,5,9)","(2024,5,9)"
1311,1121,12/26/2024,Pending,"{1311,1121,LocalDate.of(2024,12,26),""Pending""},","LocalDate.of(2024,12,26)","(2024,12,26)"
1312,1299,9/25/2024,Shipped,"{1312,1299,LocalDate.of(2024,9,25),""Shipped""},","LocalDate.of(2024,9,25)","(2024,9,25)"
1313,1395,8/26/2024,Shipped,"{1313,1395,LocalDate.of(2024,8,26),""Shipped""},","LocalDate.of(2024,8,26)","(2024,8,26)"
1314,1390,4/1/2024,Cancelled,"{1314,1390,LocalDate.of(2024,4,1),""Cancelled""},","LocalDate.of(2024,4,1)","(2024,4,1)"
1315,1349,8/19/2024,Processed,"{1315,1349,LocalDate.of(2024,8,19),""Processed""},","LocalDate.of(2024,8,19)","(2024,8,19)"
1316,1434,1/26/2024,Shipped,"{1316,1434,LocalDate.of(2024,1,26),""Shipped""},","LocalDate.of(2024,1,26)","(2024,1,26)"
1317,1190,7/6/2024,Delivered,"{1317,1190,LocalDate.of(2024,7,6),""Delivered""},","LocalDate.of(2024,7,6)","(2024,7,6)"
1318,1393,3/15/2024,Shipped,"{1318,1393,LocalDate.of(2024,3,15),""Shipped""},","LocalDate.of(2024,3,15)","(2024,3,15)"
1319,1054,4/3/2024,Processed,"{1319,1054,LocalDate.of(2024,4,3),""Processed""},","LocalDate.of(2024,4,3)","(2024,4,3)"
1320,1005,3/13/2024,Shipped,"{1320,1005,LocalDate.of(2024,3,13),""Shipped""},","LocalDate.of(2024,3,13)","(2024,3,13)"
1321,1008,12/26/2024,Shipped,"{1321,1008,LocalDate.of(2024,12,26),""Shipped""},","LocalDate.of(2024,12,26)","(2024,12,26)"
1322,1226,11/3/2024,Delivered,"{1322,1226,LocalDate.of(2024,11,3),""Delivered""},","LocalDate.of(2024,11,3)","(2024,11,3)"
1323,1242,7/17/2024,Processed,"{1323,1242,LocalDate.of(2024,7,17),""Processed""},","LocalDate.of(2024,7,17)","(2024,7,17)"
1324,1227,5/16/2024,Processed,"{1324,1227,LocalDate.of(2024,5,16),""Processed""},","LocalDate.of(2024,5,16)","(2024,5,16)"
1325,1467,5/28/2024,Processed,"{1325,1467,LocalDate.of(2024,5,28),""Processed""},","LocalDate.of(2024,5,28)","(2024,5,28)"
1326,1018,9/29/2024,Delivered,"{1326,1018,LocalDate.of(2024,9,29),""Delivered""},","LocalDate.of(2024,9,29)","(2024,9,29)"
1327,1124,4/20/2024,Processed,"{1327,1124,LocalDate.of(2024,4,20),""Processed""},","LocalDate.of(2024,4,20)","(2024,4,20)"
1328,1386,7/16/2024,Pending,"{1328,1386,LocalDate.of(2024,7,16),""Pending""},","LocalDate.of(2024,7,16)","(2024,7,16)"
1329,1145,11/23/2024,Shipped,"{1329,1145,LocalDate.of(2024,11,23),""Shipped""},","LocalDate.of(2024,11,23)","(2024,11,23)"
1330,1329,11/27/2024,Pending,"{1330,1329,LocalDate.of(2024,11,27),""Pending""},","LocalDate.of(2024,11,27)","(2024,11,27)"
1331,1081,5/5/2024,Delivered,"{1331,1081,LocalDate.of(2024,5,5),""Delivered""},","LocalDate.of(2024,5,5)","(2024,5,5)"
1332,1210,6/25/2024,Pending,"{1332,1210,LocalDate.of(2024,6,25),""Pending""},","LocalDate.of(2024,6,25)","(2024,6,25)"
1333,1037,5/17/2024,Shipped,"{1333,1037,LocalDate.of(2024,5,17),""Shipped""},","LocalDate.of(2024,5,17)","(2024,5,17)"
1334,1105,3/24/2024,Shipped,"{1334,1105,LocalDate.of(2024,3,24),""Shipped""},","LocalDate.of(2024,3,24)","(2024,3,24)"
1335,1073,1/28/2024,Delivered,"{1335,1073,LocalDate.of(2024,1,28),""Delivered""},","LocalDate.of(2024,1,28)","(2024,1,28)"
1336,1192,12/1/2024,Pending,"{1336,1192,LocalDate.of(2024,12,1),""Pending""},","LocalDate.of(2024,12,1)","(2024,12,1)"
1337,1319,11/22/2024,Processed,"{1337,1319,LocalDate.of(2024,11,22),""Processed""},","LocalDate.of(2024,11,22)","(2024,11,22)"
1338,1417,11/11/2024,Processed,"{1338,1417,LocalDate.of(2024,11,11),""Processed""},","LocalDate.of(2024,11,11)","(2024,11,11)"
1339,1482,6/12/2024,Delivered,"{1339,1482,LocalDate.of(2024,6,12),""Delivered""},","LocalDate.of(2024,6,12)","(2024,6,12)"
1340,1284,7/27/2024,Cancelled,"{1340,1284,LocalDate.of(2024,7,27),""Cancelled""},","LocalDate.of(2024,7,27)","(2024,7,27)"
1341,1362,8/4/2024,Shipped,"{1341,1362,LocalDate.of(2024,8,4),""Shipped""},","LocalDate.of(2024,8,4)","(2024,8,4)"
1342,1392,2/24/2024,Shipped,"{1342,1392,LocalDate.of(2024,2,24),""Shipped""},","LocalDate.of(2024,2,24)","(2024,2,24)"
1343,1425,11/12/2024,Delivered,"{1343,1425,LocalDate.of(2024,11,12),""Delivered""},","LocalDate.of(2024,11,12)","(2024,11,12)"
1344,1477,4/22/2024,Pending,"{1344,1477,LocalDate.of(2024,4,22),""Pending""},","LocalDate.of(2024,4,22)","(2024,4,22)"
1345,1405,11/14/2024,Delivered,"{1345,1405,LocalDate.of(2024,11,14),""Delivered""},","LocalDate.of(2024,11,14)","(2024,11,14)"
1346,1080,1/4/2025,Processed,"{1346,1080,LocalDate.of(2025,1,4),""Processed""},","LocalDate.of(2025,1,4)","(2025,1,4)"
1347,1336,5/11/2024,Shipped,"{1347,1336,LocalDate.of(2024,5,11),""Shipped""},","LocalDate.of(2024,5,11)","(2024,5,11)"
1348,1214,6/28/2024,Delivered,"{1348,1214,LocalDate.of(2024,6,28),""Delivered""},","LocalDate.of(2024,6,28)","(2024,6,28)"
1349,1286,9/25/2024,Processed,"{1349,1286,LocalDate.of(2024,9,25),""Processed""},","LocalDate.of(2024,9,25)","(2024,9,25)"
1350,1071,7/23/2024,Processed,"{1350,1071,LocalDate.of(2024,7,23),""Processed""},","LocalDate.of(2024,7,23)","(2024,7,23)"
1351,1368,4/19/2024,Cancelled,"{1351,1368,LocalDate.of(2024,4,19),""Cancelled""},","LocalDate.of(2024,4,19)","(2024,4,19)"
1352,1133,3/28/2024,Delivered,"{1352,1133,LocalDate.of(2024,3,28),""Delivered""},","LocalDate.of(2024,3,28)","(2024,3,28)"
1353,1243,11/12/2024,Pending,"{1353,1243,LocalDate.of(2024,11,12),""Pending""},","LocalDate.of(2024,11,12)","(2024,11,12)"
1354,1432,7/29/2024,Cancelled,"{1354,1432,LocalDate.of(2024,7,29),""Cancelled""},","LocalDate.of(2024,7,29)","(2024,7,29)"
1355,1356,6/5/2024,Shipped,"{1355,1356,LocalDate.of(2024,6,5),""Shipped""},","LocalDate.of(2024,6,5)","(2024,6,5)"
1356,1258,3/23/2024,Pending,"{1356,1258,LocalDate.of(2024,3,23),""Pending""},","LocalDate.of(2024,3,23)","(2024,3,23)"
1357,1219,11/4/2024,Shipped,"{1357,1219,LocalDate.of(2024,11,4),""Shipped""},","LocalDate.of(2024,11,4)","(2024,11,4)"
1358,1043,9/20/2024,Shipped,"{1358,1043,LocalDate.of(2024,9,20),""Shipped""},","LocalDate.of(2024,9,20)","(2024,9,20)"
1359,1277,12/3/2024,Delivered,"{1359,1277,LocalDate.of(2024,12,3),""Delivered""},","LocalDate.of(2024,12,3)","(2024,12,3)"
1360,1400,10/6/2024,Processed,"{1360,1400,LocalDate.of(2024,10,6),""Processed""},","LocalDate.of(2024,10,6)","(2024,10,6)"
1361,1041,12/12/2024,Delivered,"{1361,1041,LocalDate.of(2024,12,12),""Delivered""},","LocalDate.of(2024,12,12)","(2024,12,12)"
1362,1079,8/4/2024,Processed,"{1362,1079,LocalDate.of(2024,8,4),""Processed""},","LocalDate.of(2024,8,4)","(2024,8,4)"
1363,1182,10/23/2024,Pending,"{1363,1182,LocalDate.of(2024,10,23),""Pending""},","LocalDate.of(2024,10,23)","(2024,10,23)"
1364,1469,9/7/2024,Shipped,"{1364,1469,LocalDate.of(2024,9,7),""Shipped""},","LocalDate.of(2024,9,7)","(2024,9,7)"
1365,1345,6/15/2024,Delivered,"{1365,1345,LocalDate.of(2024,6,15),""Delivered""},","LocalDate.of(2024,6,15)","(2024,6,15)"
1366,1379,7/12/2024,Delivered,"{1366,1379,LocalDate.of(2024,7,12),""Delivered""},","LocalDate.of(2024,7,12)","(2024,7,12)"
1367,1469,12/23/2024,Shipped,"{1367,1469,LocalDate.of(2024,12,23),""Shipped""},","LocalDate.of(2024,12,23)","(2024,12,23)"
1368,1405,9/8/2024,Cancelled,"{1368,1405,LocalDate.of(2024,9,8),""Cancelled""},","LocalDate.of(2024,9,8)","(2024,9,8)"
1369,1243,11/18/2024,Shipped,"{1369,1243,LocalDate.of(2024,11,18),""Shipped""},","LocalDate.of(2024,11,18)","(2024,11,18)"
1370,1174,4/7/2024,Pending,"{1370,1174,LocalDate.of(2024,4,7),""Pending""},","LocalDate.of(2024,4,7)","(2024,4,7)"
1371,1482,12/5/2024,Delivered,"{1371,1482,LocalDate.of(2024,12,5),""Delivered""},","LocalDate.of(2024,12,5)","(2024,12,5)"
1372,1229,6/28/2024,Cancelled,"{1372,1229,LocalDate.of(2024,6,28),""Cancelled""},","LocalDate.of(2024,6,28)","(2024,6,28)"
1373,1421,12/3/2024,Delivered,"{1373,1421,LocalDate.of(2024,12,3),""Delivered""},","LocalDate.of(2024,12,3)","(2024,12,3)"
1374,1416,7/1/2024,Cancelled,"{1374,1416,LocalDate.of(2024,7,1),""Cancelled""},","LocalDate.of(2024,7,1)","(2024,7,1)"
1375,1495,11/1/2024,Cancelled,"{1375,1495,LocalDate.of(2024,11,1),""Cancelled""},","LocalDate.of(2024,11,1)","(2024,11,1)"
1376,1238,4/23/2024,Processed,"{1376,1238,LocalDate.of(2024,4,23),""Processed""},","LocalDate.of(2024,4,23)","(2024,4,23)"
1377,1493,3/3/2024,Processed,"{1377,1493,LocalDate.of(2024,3,3),""Processed""},","LocalDate.of(2024,3,3)","(2024,3,3)"
1378,1004,7/25/2024,Delivered,"{1378,1004,LocalDate.of(2024,7,25),""Delivered""},","LocalDate.of(2024,7,25)","(2024,7,25)"
1379,1419,8/8/2024,Processed,"{1379,1419,LocalDate.of(2024,8,8),""Processed""},","LocalDate.of(2024,8,8)","(2024,8,8)"
1380,1280,2/28/2024,Processed,"{1380,1280,LocalDate.of(2024,2,28),""Processed""},","LocalDate.of(2024,2,28)","(2024,2,28)"
1381,1167,1/22/2025,Processed,"{1381,1167,LocalDate.of(2025,1,22),""Processed""},","LocalDate.of(2025,1,22)","(2025,1,22)"
1382,1372,10/24/2024,Cancelled,"{1382,1372,LocalDate.of(2024,10,24),""Cancelled""},","LocalDate.of(2024,10,24)","(2024,10,24)"
1383,1042,7/10/2024,Shipped,"{1383,1042,LocalDate.of(2024,7,10),""Shipped""},","LocalDate.of(2024,7,10)","(2024,7,10)"
1384,1222,8/26/2024,Cancelled,"{1384,1222,LocalDate.of(2024,8,26),""Cancelled""},","LocalDate.of(2024,8,26)","(2024,8,26)"
1385,1374,8/20/2024,Pending,"{1385,1374,LocalDate.of(2024,8,20),""Pending""},","LocalDate.of(2024,8,20)","(2024,8,20)"
1386,1425,1/28/2024,Pending,"{1386,1425,LocalDate.of(2024,1,28),""Pending""},","LocalDate.of(2024,1,28)","(2024,1,28)"
1387,1216,8/30/2024,Pending,"{1387,1216,LocalDate.of(2024,8,30),""Pending""},","LocalDate.of(2024,8,30)","(2024,8,30)"
1388,1481,3/16/2024,Pending,"{1388,1481,LocalDate.of(2024,3,16),""Pending""},","LocalDate.of(2024,3,16)","(2024,3,16)"
1389,1230,1/31/2024,Processed,"{1389,1230,LocalDate.of(2024,1,31),""Processed""},","LocalDate.of(2024,1,31)","(2024,1,31)"
1390,1125,11/26/2024,Shipped,"{1390,1125,LocalDate.of(2024,11,26),""Shipped""},","LocalDate.of(2024,11,26)","(2024,11,26)"
1391,1155,9/24/2024,Delivered,"{1391,1155,LocalDate.of(2024,9,24),""Delivered""},","LocalDate.of(2024,9,24)","(2024,9,24)"
1392,1425,10/22/2024,Shipped,"{1392,1425,LocalDate.of(2024,10,22),""Shipped""},","LocalDate.of(2024,10,22)","(2024,10,22)"
1393,1088,11/26/2024,Shipped,"{1393,1088,LocalDate.of(2024,11,26),""Shipped""},","LocalDate.of(2024,11,26)","(2024,11,26)"
1394,1258,10/27/2024,Processed,"{1394,1258,LocalDate.of(2024,10,27),""Processed""},","LocalDate.of(2024,10,27)","(2024,10,27)"
1395,1022,4/28/2024,Pending,"{1395,1022,LocalDate.of(2024,4,28),""Pending""},","LocalDate.of(2024,4,28)","(2024,4,28)"
1396,1236,9/24/2024,Pending,"{1396,1236,LocalDate.of(2024,9,24),""Pending""},","LocalDate.of(2024,9,24)","(2024,9,24)"
1397,1125,9/10/2024,Processed,"{1397,1125,LocalDate.of(2024,9,10),""Processed""},","LocalDate.of(2024,9,10)","(2024,9,10)"
1398,1278,7/13/2024,Pending,"{1398,1278,LocalDate.of(2024,7,13),""Pending""},","LocalDate.of(2024,7,13)","(2024,7,13)"
1399,1068,4/6/2024,Pending,"{1399,1068,LocalDate.of(2024,4,6),""Pending""},","LocalDate.of(2024,4,6)","(2024,4,6)"
1400,1266,8/29/2024,Cancelled,"{1400,1266,LocalDate.of(2024,8,29),""Cancelled""},","LocalDate.of(2024,8,29)","(2024,8,29)"
1401,1293,3/30/2024,Shipped,"{1401,1293,LocalDate.of(2024,3,30),""Shipped""},","LocalDate.of(2024,3,30)","(2024,3,30)"
1402,1430,2/27/2024,Pending,"{1402,1430,LocalDate.of(2024,2,27),""Pending""},","LocalDate.of(2024,2,27)","(2024,2,27)"
1403,1463,4/21/2024,Delivered,"{1403,1463,LocalDate.of(2024,4,21),""Delivered""},","LocalDate.of(2024,4,21)","(2024,4,21)"
1404,1389,5/10/2024,Processed,"{1404,1389,LocalDate.of(2024,5,10),""Processed""},","LocalDate.of(2024,5,10)","(2024,5,10)"
1405,1342,12/5/2024,Cancelled,"{1405,1342,LocalDate.of(2024,12,5),""Cancelled""},","LocalDate.of(2024,12,5)","(2024,12,5)"
1406,1077,3/12/2024,Processed,"{1406,1077,LocalDate.of(2024,3,12),""Processed""},","LocalDate.of(2024,3,12)","(2024,3,12)"
1407,1363,3/11/2024,Pending,"{1407,1363,LocalDate.of(2024,3,11),""Pending""},","LocalDate.of(2024,3,11)","(2024,3,11)"
1408,1366,4/27/2024,Processed,"{1408,1366,LocalDate.of(2024,4,27),""Processed""},","LocalDate.of(2024,4,27)","(2024,4,27)"
1409,1235,7/16/2024,Processed,"{1409,1235,LocalDate.of(2024,7,16),""Processed""},","LocalDate.of(2024,7,16)","(2024,7,16)"
1410,1313,4/3/2024,Processed,"{1410,1313,LocalDate.of(2024,4,3),""Processed""},","LocalDate.of(2024,4,3)","(2024,4,3)"
1411,1057,7/1/2024,Cancelled,"{1411,1057,LocalDate.of(2024,7,1),""Cancelled""},","LocalDate.of(2024,7,1)","(2024,7,1)"
1412,1436,2/19/2024,Pending,"{1412,1436,LocalDate.of(2024,2,19),""Pending""},","LocalDate.of(2024,2,19)","(2024,2,19)"
1413,1145,8/6/2024,Delivered,"{1413,1145,LocalDate.of(2024,8,6),""Delivered""},","LocalDate.of(2024,8,6)","(2024,8,6)"
1414,1500,8/2/2024,Cancelled,"{1414,1500,LocalDate.of(2024,8,2),""Cancelled""},","LocalDate.of(2024,8,2)","(2024,8,2)"
1415,1442,1/13/2025,Pending,"{1415,1442,LocalDate.of(2025,1,13),""Pending""},","LocalDate.of(2025,1,13)","(2025,1,13)"
1416,1438,8/17/2024,Pending,"{1416,1438,LocalDate.of(2024,8,17),""Pending""},","LocalDate.of(2024,8,17)","(2024,8,17)"
1417,1366,6/9/2024,Delivered,"{1417,1366,LocalDate.of(2024,6,9),""Delivered""},","LocalDate.of(2024,6,9)","(2024,6,9)"
1418,1195,11/10/2024,Shipped,"{1418,1195,LocalDate.of(2024,11,10),""Shipped""},","LocalDate.of(2024,11,10)","(2024,11,10)"
1419,1478,2/25/2024,Shipped,"{1419,1478,LocalDate.of(2024,2,25),""Shipped""},","LocalDate.of(2024,2,25)","(2024,2,25)"
1420,1137,9/28/2024,Shipped,"{1420,1137,LocalDate.of(2024,9,28),""Shipped""},","LocalDate.of(2024,9,28)","(2024,9,28)"
1421,1481,4/8/2024,Shipped,"{1421,1481,LocalDate.of(2024,4,8),""Shipped""},","LocalDate.of(2024,4,8)","(2024,4,8)"
1422,1176,1/9/2025,Pending,"{1422,1176,LocalDate.of(2025,1,9),""Pending""},","LocalDate.of(2025,1,9)","(2025,1,9)"
1423,1153,12/14/2024,Delivered,"{1423,1153,LocalDate.of(2024,12,14),""Delivered""},","LocalDate.of(2024,12,14)","(2024,12,14)"
1424,1040,9/6/2024,Shipped,"{1424,1040,LocalDate.of(2024,9,6),""Shipped""},","LocalDate.of(2024,9,6)","(2024,9,6)"
1425,1042,5/24/2024,Processed,"{1425,1042,LocalDate.of(2024,5,24),""Processed""},","LocalDate.of(2024,5,24)","(2024,5,24)"
1426,1014,2/2/2024,Processed,"{1426,1014,LocalDate.of(2024,2,2),""Processed""},","LocalDate.of(2024,2,2)","(2024,2,2)"
1427,1127,6/16/2024,Pending,"{1427,1127,LocalDate.of(2024,6,16),""Pending""},","LocalDate.of(2024,6,16)","(2024,6,16)"
1428,1208,1/30/2024,Shipped,"{1428,1208,LocalDate.of(2024,1,30),""Shipped""},","LocalDate.of(2024,1,30)","(2024,1,30)"
1429,1294,7/15/2024,Processed,"{1429,1294,LocalDate.of(2024,7,15),""Processed""},","LocalDate.of(2024,7,15)","(2024,7,15)"
1430,1428,1/7/2025,Shipped,"{1430,1428,LocalDate.of(2025,1,7),""Shipped""},","LocalDate.of(2025,1,7)","(2025,1,7)"
1431,1159,4/30/2024,Cancelled,"{1431,1159,LocalDate.of(2024,4,30),""Cancelled""},","LocalDate.of(2024,4,30)","(2024,4,30)"
1432,1087,9/15/2024,Shipped,"{1432,1087,LocalDate.of(2024,9,15),""Shipped""},","LocalDate.of(2024,9,15)","(2024,9,15)"
1433,1363,3/7/2024,Shipped,"{1433,1363,LocalDate.of(2024,3,7),""Shipped""},","LocalDate.of(2024,3,7)","(2024,3,7)"
1434,1462,5/2/2024,Pending,"{1434,1462,LocalDate.of(2024,5,2),""Pending""},","LocalDate.of(2024,5,2)","(2024,5,2)"
1435,1124,4/5/2024,Processed,"{1435,1124,LocalDate.of(2024,4,5),""Processed""},","LocalDate.of(2024,4,5)","(2024,4,5)"
1436,1052,2/16/2024,Processed,"{1436,1052,LocalDate.of(2024,2,16),""Processed""},","LocalDate.of(2024,2,16)","(2024,2,16)"
1437,1250,11/3/2024,Delivered,"{1437,1250,LocalDate.of(2024,11,3),""Delivered""},","LocalDate.of(2024,11,3)","(2024,11,3)"
1438,1044,3/17/2024,Shipped,"{1438,1044,LocalDate.of(2024,3,17),""Shipped""},","LocalDate.of(2024,3,17)","(2024,3,17)"
1439,1030,12/7/2024,Pending,"{1439,1030,LocalDate.of(2024,12,7),""Pending""},","LocalDate.of(2024,12,7)","(2024,12,7)"
1440,1276,10/6/2024,Shipped,"{1440,1276,LocalDate.of(2024,10,6),""Shipped""},","LocalDate.of(2024,10,6)","(2024,10,6)"
1441,1384,1/28/2024,Processed,"{1441,1384,LocalDate.of(2024,1,28),""Processed""},","LocalDate.of(2024,1,28)","(2024,1,28)"
1442,1359,4/29/2024,Processed,"{1442,1359,LocalDate.of(2024,4,29),""Processed""},","LocalDate.of(2024,4,29)","(2024,4,29)"
1443,1012,11/3/2024,Shipped,"{1443,1012,LocalDate.of(2024,11,3),""Shipped""},","LocalDate.of(2024,11,3)","(2024,11,3)"
1444,1277,11/21/2024,Shipped,"{1444,1277,LocalDate.of(2024,11,21),""Shipped""},","LocalDate.of(2024,11,21)","(2024,11,21)"
1445,1372,3/3/2024,Cancelled,"{1445,1372,LocalDate.of(2024,3,3),""Cancelled""},","LocalDate.of(2024,3,3)","(2024,3,3)"
1446,1269,2/7/2024,Pending,"{1446,1269,LocalDate.of(2024,2,7),""Pending""},","LocalDate.of(2024,2,7)","(2024,2,7)"
1447,1041,2/19/2024,Shipped,"{1447,1041,LocalDate.of(2024,2,19),""Shipped""},","LocalDate.of(2024,2,19)","(2024,2,19)"
1448,1009,5/30/2024,Pending,"{1448,1009,LocalDate.of(2024,5,30),""Pending""},","LocalDate.of(2024,5,30)","(2024,5,30)"
1449,1151,1/28/2024,Delivered,"{1449,1151,LocalDate.of(2024,1,28),""Delivered""},","LocalDate.of(2024,1,28)","(2024,1,28)"
1450,1423,12/3/2024,Pending,"{1450,1423,LocalDate.of(2024,12,3),""Pending""},","LocalDate.of(2024,12,3)","(2024,12,3)"
1451,1430,8/1/2024,Delivered,"{1451,1430,LocalDate.of(2024,8,1),""Delivered""},","LocalDate.of(2024,8,1)","(2024,8,1)"
1452,1376,11/1/2024,Processed,"{1452,1376,LocalDate.of(2024,11,1),""Processed""},","LocalDate.of(2024,11,1)","(2024,11,1)"
1453,1247,10/26/2024,Delivered,"{1453,1247,LocalDate.of(2024,10,26),""Delivered""},","LocalDate.of(2024,10,26)","(2024,10,26)"
1454,1419,3/5/2024,Cancelled,"{1454,1419,LocalDate.of(2024,3,5),""Cancelled""},","LocalDate.of(2024,3,5)","(2024,3,5)"
1455,1437,7/28/2024,Shipped,"{1455,1437,LocalDate.of(2024,7,28),""Shipped""},","LocalDate.of(2024,7,28)","(2024,7,28)"
1456,1185,9/10/2024,Shipped,"{1456,1185,LocalDate.of(2024,9,10),""Shipped""},","LocalDate.of(2024,9,10)","(2024,9,10)"
1457,1274,4/14/2024,Delivered,"{1457,1274,LocalDate.of(2024,4,14),""Delivered""},","LocalDate.of(2024,4,14)","(2024,4,14)"
1458,1365,5/16/2024,Processed,"{1458,1365,LocalDate.of(2024,5,16),""Processed""},","LocalDate.of(2024,5,16)","(2024,5,16)"
1459,1228,10/26/2024,Processed,"{1459,1228,LocalDate.of(2024,10,26),""Processed""},","LocalDate.of(2024,10,26)","(2024,10,26)"
1460,1277,5/25/2024,Pending,"{1460,1277,LocalDate.of(2024,5,25),""Pending""},","LocalDate.of(2024,5,25)","(2024,5,25)"
1461,1362,12/13/2024,Processed,"{1461,1362,LocalDate.of(2024,12,13),""Processed""},","LocalDate.of(2024,12,13)","(2024,12,13)"
1462,1431,10/20/2024,Cancelled,"{1462,1431,LocalDate.of(2024,10,20),""Cancelled""},","LocalDate.of(2024,10,20)","(2024,10,20)"
1463,1350,11/28/2024,Pending,"{1463,1350,LocalDate.of(2024,11,28),""Pending""},","LocalDate.of(2024,11,28)","(2024,11,28)"
1464,1375,12/6/2024,Cancelled,"{1464,1375,LocalDate.of(2024,12,6),""Cancelled""},","LocalDate.of(2024,12,6)","(2024,12,6)"
1465,1149,5/5/2024,Delivered,"{1465,1149,LocalDate.of(2024,5,5),""Delivered""},","LocalDate.of(2024,5,5)","(2024,5,5)"
1466,1049,3/14/2024,Cancelled,"{1466,1049,LocalDate.of(2024,3,14),""Cancelled""},","LocalDate.of(2024,3,14)","(2024,3,14)"
1467,1394,10/5/2024,Shipped,"{1467,1394,LocalDate.of(2024,10,5),""Shipped""},","LocalDate.of(2024,10,5)","(2024,10,5)"
1468,1072,8/4/2024,Shipped,"{1468,1072,LocalDate.of(2024,8,4),""Shipped""},","LocalDate.of(2024,8,4)","(2024,8,4)"
1469,1014,2/1/2024,Cancelled,"{1469,1014,LocalDate.of(2024,2,1),""Cancelled""},","LocalDate.of(2024,2,1)","(2024,2,1)"
1470,1399,4/23/2024,Cancelled,"{1470,1399,LocalDate.of(2024,4,23),""Cancelled""},","LocalDate.of(2024,4,23)","(2024,4,23)"
1471,1372,12/29/2024,Processed,"{1471,1372,LocalDate.of(2024,12,29),""Processed""},","LocalDate.of(2024,12,29)","(2024,12,29)"
1472,1097,7/29/2024,Processed,"{1472,1097,LocalDate.of(2024,7,29),""Processed""},","LocalDate.of(2024,7,29)","(2024,7,29)"
1473,1322,8/20/2024,Pending,"{1473,1322,LocalDate.of(2024,8,20),""Pending""},","LocalDate.of(2024,8,20)","(2024,8,20)"
1474,1012,6/22/2024,Pending,"{1474,1012,LocalDate.of(2024,6,22),""Pending""},","LocalDate.of(2024,6,22)","(2024,6,22)"
1475,1411,12/5/2024,Delivered,"{1475,1411,LocalDate.of(2024,12,5),""Delivered""},","LocalDate.of(2024,12,5)","(2024,12,5)"
1476,1253,8/20/2024,Shipped,"{1476,1253,LocalDate.of(2024,8,20),""Shipped""},","LocalDate.of(2024,8,20)","(2024,8,20)"
1477,1482,11/16/2024,Pending,"{1477,1482,LocalDate.of(2024,11,16),""Pending""},","LocalDate.of(2024,11,16)","(2024,11,16)"
1478,1404,6/19/2024,Cancelled,"{1478,1404,LocalDate.of(2024,6,19),""Cancelled""},","LocalDate.of(2024,6,19)","(2024,6,19)"
1479,1030,11/28/2024,Shipped,"{1479,1030,LocalDate.of(2024,11,28),""Shipped""},","LocalDate.of(2024,11,28)","(2024,11,28)"
1480,1423,4/18/2024,Pending,"{1480,1423,LocalDate.of(2024,4,18),""Pending""},","LocalDate.of(2024,4,18)","(2024,4,18)"
1481,1074,10/20/2024,Shipped,"{1481,1074,LocalDate.of(2024,10,20),""Shipped""},","LocalDate.of(2024,10,20)","(2024,10,20)"
1482,1081,12/6/2024,Processed,"{1482,1081,LocalDate.of(2024,12,6),""Processed""},","LocalDate.of(2024,12,6)","(2024,12,6)"
1483,1281,7/3/2024,Cancelled,"{1483,1281,LocalDate.of(2024,7,3),""Cancelled""},","LocalDate.of(2024,7,3)","(2024,7,3)"
1484,1397,4/6/2024,Shipped,"{1484,1397,LocalDate.of(2024,4,6),""Shipped""},","LocalDate.of(2024,4,6)","(2024,4,6)"
1485,1365,3/6/2024,Processed,"{1485,1365,LocalDate.of(2024,3,6),""Processed""},","LocalDate.of(2024,3,6)","(2024,3,6)"
1486,1348,1/1/2025,Delivered,"{1486,1348,LocalDate.of(2025,1,1),""Delivered""},","LocalDate.of(2025,1,1)","(2025,1,1)"
1487,1153,3/31/2024,Cancelled,"{1487,1153,LocalDate.of(2024,3,31),""Cancelled""},","LocalDate.of(2024,3,31)","(2024,3,31)"
1488,1275,3/19/2024,Shipped,"{1488,1275,LocalDate.of(2024,3,19),""Shipped""},","LocalDate.of(2024,3,19)","(2024,3,19)"
1489,1016,12/18/2024,Cancelled,"{1489,1016,LocalDate.of(2024,12,18),""Cancelled""},","LocalDate.of(2024,12,18)","(2024,12,18)"
1490,1276,1/7/2025,Delivered,"{1490,1276,LocalDate.of(2025,1,7),""Delivered""},","LocalDate.of(2025,1,7)","(2025,1,7)"
1491,1142,10/16/2024,Pending,"{1491,1142,LocalDate.of(2024,10,16),""Pending""},","LocalDate.of(2024,10,16)","(2024,10,16)"
1492,1164,7/20/2024,Shipped,"{1492,1164,LocalDate.of(2024,7,20),""Shipped""},","LocalDate.of(2024,7,20)","(2024,7,20)"
1493,1492,2/19/2024,Processed,"{1493,1492,LocalDate.of(2024,2,19),""Processed""},","LocalDate.of(2024,2,19)","(2024,2,19)"
1494,1325,1/26/2024,Cancelled,"{1494,1325,LocalDate.of(2024,1,26),""Cancelled""},","LocalDate.of(2024,1,26)","(2024,1,26)"
1495,1138,4/16/2024,Cancelled,"{1495,1138,LocalDate.of(2024,4,16),""Cancelled""},","LocalDate.of(2024,4,16)","(2024,4,16)"
1496,1093,6/11/2024,Pending,"{1496,1093,LocalDate.of(2024,6,11),""Pending""},","LocalDate.of(2024,6,11)","(2024,6,11)"
1497,1060,10/25/2024,Shipped,"{1497,1060,LocalDate.of(2024,10,25),""Shipped""},","LocalDate.of(2024,10,25)","(2024,10,25)"
1498,1051,3/11/2024,Shipped,"{1498,1051,LocalDate.of(2024,3,11),""Shipped""},","LocalDate.of(2024,3,11)","(2024,3,11)"
1499,1125,8/20/2024,Pending,"{1499,1125,LocalDate.of(2024,8,20),""Pending""},","LocalDate.of(2024,8,20)","(2024,8,20)"
1500,1196,12/9/2024,Pending,"{1500,1196,LocalDate.of(2024,12,9),""Pending""},","LocalDate.of(2024,12,9)","(2024,12,9)"
