supplier_id,supplier_name,contact_name,phone,email,address,is_active,
1001,Molina Inc,Morgan Jones,343.808.3187x0518,nancylindsey@hotmail.com,"259 Sara Dam Suite 735 Thomasside, IL 29554",FALSE,"{1001,""Molina Inc"",""Morgan Jones"",""343.808.3187x0518"",""nancylindsey@hotmail.com"",""259 Sara Dam Suite 735 Thomasside, IL 29554"",false},"
1002,Fernandez-Harrington,Taylor Rivera,(824)493-3368,ysanchez@gmail.com,"7440 Pamela Turnpike Apt. 667 West Brianberg, OK 04524",FALSE,"{1002,""Fernandez-Harrington"",""Taylor Rivera"",""(824)493-3368"",""ysanchez@gmail.com"",""7440 Pamela Turnpike Apt. 667 West Brianberg, OK 04524"",false},"
1003,Keller-Moreno,Angela Robinson,(267)687-6438x75351,chelsea05@cox-king.org,"0074 Fox Station South David, IL 51549",FALSE,"{1003,""Keller-Moreno"",""Angela Robinson"",""(267)687-6438x75351"",""chelsea05@cox-king.org"",""0074 Fox Station South David, IL 51549"",false},"
1004,"Richardson, Morris and Parsons",Robert Miller,789-823-6011,hsolis@byrd-hoover.com,"28419 Russell Drive Apt. 061 East Justinville, GA 69104",FALSE,"{1004,""Richardson, Morris and Parsons"",""Robert Miller"",""789-823-6011"",""hsolis@byrd-hoover.com"",""28419 Russell Drive Apt. 061 East Justinville, GA 69104"",false},"
1005,Randolph-Collins,Stacie Fields,001-691-416-4754x7256,shayes@lambert.com,"65083 Henderson Ridge West Bethanybury, WA 59634",TRUE,"{1005,""Randolph-Collins"",""Stacie Fields"",""001-691-416-4754x7256"",""shayes@lambert.com"",""65083 Henderson Ridge West Bethanybury, WA 59634"",true},"
1006,Smith-Wheeler,Amanda Brown,326-776-3108x85596,joshua21@yahoo.com,"4608 Holloway Canyon Apt. 869 Thomasborough, DE 94649",FALSE,"{1006,""Smith-Wheeler"",""Amanda Brown"",""326-776-3108x85596"",""joshua21@yahoo.com"",""4608 Holloway Canyon Apt. 869 Thomasborough, DE 94649"",false},"
1007,Moyer-Harris,Carol Chandler,801.589.7539x070,dustin08@yahoo.com,"384 Gordon Walk Apt. 390 Clarkeville, MD 02421",FALSE,"{1007,""Moyer-Harris"",""Carol Chandler"",""801.589.7539x070"",""dustin08@yahoo.com"",""384 Gordon Walk Apt. 390 Clarkeville, MD 02421"",false},"
1008,"Griffin, Obrien and Rivera",Barbara Benitez,9531048178,craigshelby@burton-sullivan.com,USCGC Rodriguez FPO AE 53460,FALSE,"{1008,""Griffin, Obrien and Rivera"",""Barbara Benitez"",""9531048178"",""craigshelby@burton-sullivan.com"",""USCGC Rodriguez FPO AE 53460"",false},"
1009,Flowers-Clark,Jonathan Burke,(040)373-6172,nathaniel86@gmail.com,"4953 Lori Common Apt. 446 Andrewchester, AL 17485",TRUE,"{1009,""Flowers-Clark"",""Jonathan Burke"",""(040)373-6172"",""nathaniel86@gmail.com"",""4953 Lori Common Apt. 446 Andrewchester, AL 17485"",true},"
1010,Blair Group,Travis Edwards,(222)411-5785x080,sharon78@west-warren.com,"614 Gallagher Knoll Elizabethfort, OR 53143",TRUE,"{1010,""Blair Group"",""Travis Edwards"",""(222)411-5785x080"",""sharon78@west-warren.com"",""614 Gallagher Knoll Elizabethfort, OR 53143"",true},"
1011,Solomon PLC,Nicholas Williams,183-080-2531x9342,jacksonjonathan@smith.com,"4456 Lisa Island Apt. 431 Chavezmouth, AL 71468",TRUE,"{1011,""Solomon PLC"",""Nicholas Williams"",""183-080-2531x9342"",""jacksonjonathan@smith.com"",""4456 Lisa Island Apt. 431 Chavezmouth, AL 71468"",true},"
1012,Bailey-Hancock,Heidi Hernandez,522-016-5213x500,qsanchez@nunez.com,"26671 Branch Union New Caitlin, AR 48659",FALSE,"{1012,""Bailey-Hancock"",""Heidi Hernandez"",""522-016-5213x500"",""qsanchez@nunez.com"",""26671 Branch Union New Caitlin, AR 48659"",false},"
1013,Mora and Sons,Shelly Horton,489.161.5228x277,orrthomas@thompson.info,"284 Macdonald Course Apt. 499 Triciahaven, WI 17088",TRUE,"{1013,""Mora and Sons"",""Shelly Horton"",""489.161.5228x277"",""orrthomas@thompson.info"",""284 Macdonald Course Apt. 499 Triciahaven, WI 17088"",true},"
1014,"Peterson, Stark and Bennett",Sara Robertson DDS,920.340.9643,mharris@gmail.com,"PSC 8576, Box 5165 APO AP 41885",TRUE,"{1014,""Peterson, Stark and Bennett"",""Sara Robertson DDS"",""920.340.9643"",""mharris@gmail.com"",""PSC 8576, Box 5165 APO AP 41885"",true},"
1015,"Dixon, Gomez and Chan",Kenneth Austin,645-608-8916x9172,reedjohn@pitts.com,"63390 Lee Locks West Alanville, CA 49273",TRUE,"{1015,""Dixon, Gomez and Chan"",""Kenneth Austin"",""645-608-8916x9172"",""reedjohn@pitts.com"",""63390 Lee Locks West Alanville, CA 49273"",true},"
1016,Maldonado and Sons,Chelsea Diaz,451-235-3944,robert05@lewis.com,"PSC 1395, Box 6305 APO AP 35178",TRUE,"{1016,""Maldonado and Sons"",""Chelsea Diaz"",""451-235-3944"",""robert05@lewis.com"",""PSC 1395, Box 6305 APO AP 35178"",true},"
1017,"Navarro, Wallace and York",Jacob Hudson MD,001-538-903-5679x365,seanhernandez@kim-adams.com,"429 Garrett View South Seanside, OK 56398",FALSE,"{1017,""Navarro, Wallace and York"",""Jacob Hudson MD"",""001-538-903-5679x365"",""seanhernandez@kim-adams.com"",""429 Garrett View South Seanside, OK 56398"",false},"
1018,"Yoder, Byrd and Moss",Brenda Hartman,+1-074-260-9846x3943,jonesmatthew@hotmail.com,"7426 Wells View Suite 470 Lake Jasonstad, HI 88381",TRUE,"{1018,""Yoder, Byrd and Moss"",""Brenda Hartman"",""+1-074-260-9846x3943"",""jonesmatthew@hotmail.com"",""7426 Wells View Suite 470 Lake Jasonstad, HI 88381"",true},"
1019,Wilson Group,Katherine Foster,284.903.0523x264,jeanjones@mcmillan.com,"2063 John Union Batesstad, GA 08066",FALSE,"{1019,""Wilson Group"",""Katherine Foster"",""284.903.0523x264"",""jeanjones@mcmillan.com"",""2063 John Union Batesstad, GA 08066"",false},"
1020,"Prince, Myers and Walters",Dr. James Lopez,890-431-3655,collieranthony@davis.com,"895 Dana Lights Perkinsburgh, TX 90038",TRUE,"{1020,""Prince, Myers and Walters"",""Dr. James Lopez"",""890-431-3655"",""collieranthony@davis.com"",""895 Dana Lights Perkinsburgh, TX 90038"",true},"
1021,"Campbell, Abbott and Martin",Michael Calhoun,(304)887-8289x780,jameshall@clark.com,"86752 Campbell Brooks Crossmouth, NC 76462",FALSE,"{1021,""Campbell, Abbott and Martin"",""Michael Calhoun"",""(304)887-8289x780"",""jameshall@clark.com"",""86752 Campbell Brooks Crossmouth, NC 76462"",false},"
1022,Ortega-Peck,Michael Navarro,+1-083-512-2796x5511,paynejessica@yahoo.com,"3538 Henry Falls Suite 693 North Mark, CO 26169",TRUE,"{1022,""Ortega-Peck"",""Michael Navarro"",""+1-083-512-2796x5511"",""paynejessica@yahoo.com"",""3538 Henry Falls Suite 693 North Mark, CO 26169"",true},"
1023,"Jones, Wyatt and Johnson",Jessica Floyd,501.985.7812x862,johnsonkevin@weber.info,"PSC 1245, Box 7589 APO AE 71627",FALSE,"{1023,""Jones, Wyatt and Johnson"",""Jessica Floyd"",""501.985.7812x862"",""johnsonkevin@weber.info"",""PSC 1245, Box 7589 APO AE 71627"",false},"
1024,Lucas-Gonzalez,Sergio Alvarez,001-096-431-0641x353,whenry@gmail.com,"3892 Christina Mountain Apt. 377 Reedport, AR 08511",TRUE,"{1024,""Lucas-Gonzalez"",""Sergio Alvarez"",""001-096-431-0641x353"",""whenry@gmail.com"",""3892 Christina Mountain Apt. 377 Reedport, AR 08511"",true},"
1025,"Daniels, Pruitt and Pierce",Thomas Frost,684-339-3543x7249,cohenbrenda@alvarez.info,"3964 Erica Walk Rothview, TX 14448",FALSE,"{1025,""Daniels, Pruitt and Pierce"",""Thomas Frost"",""684-339-3543x7249"",""cohenbrenda@alvarez.info"",""3964 Erica Walk Rothview, TX 14448"",false},"
1026,"Smith, Williams and Brooks",Karen Escobar,+1-118-299-3453x5722,samuel60@yahoo.com,"75451 Boyd Fort North Davidfort, TN 16194",FALSE,"{1026,""Smith, Williams and Brooks"",""Karen Escobar"",""+1-118-299-3453x5722"",""samuel60@yahoo.com"",""75451 Boyd Fort North Davidfort, TN 16194"",false},"
1027,"Gomez, Olson and Beltran",Christine Pacheco DDS,001-673-790-3842x22825,emilyreeves@powell.com,"1477 Tanner Springs Velezport, HI 81456",TRUE,"{1027,""Gomez, Olson and Beltran"",""Christine Pacheco DDS"",""001-673-790-3842x22825"",""emilyreeves@powell.com"",""1477 Tanner Springs Velezport, HI 81456"",true},"
1028,"Butler, Duffy and Padilla",James Alvarado,098-155-3618,christinelee@gmail.com,"54623 Crystal Rue Jeremymouth, OH 94057",TRUE,"{1028,""Butler, Duffy and Padilla"",""James Alvarado"",""098-155-3618"",""christinelee@gmail.com"",""54623 Crystal Rue Jeremymouth, OH 94057"",true},"
1029,Bender Group,Timothy Clarke,269.141.7297x4027,esmith@porter.com,"687 Emily Streets Suite 001 West Joseph, CT 05127",TRUE,"{1029,""Bender Group"",""Timothy Clarke"",""269.141.7297x4027"",""esmith@porter.com"",""687 Emily Streets Suite 001 West Joseph, CT 05127"",true},"
1030,"Harris, Adams and Jones",Edwin Wright,(601)013-5284x7645,thompsonjo@thompson.com,"261 Franklin Pike Suite 377 Leeborough, FL 19109",TRUE,"{1030,""Harris, Adams and Jones"",""Edwin Wright"",""(601)013-5284x7645"",""thompsonjo@thompson.com"",""261 Franklin Pike Suite 377 Leeborough, FL 19109"",true},"
1031,Price-Hughes,Stephanie Lee,555.321.3479x922,marypratt@gmail.com,"1698 Nichols Spurs East Jonathanburgh, PA 56176",FALSE,"{1031,""Price-Hughes"",""Stephanie Lee"",""555.321.3479x922"",""marypratt@gmail.com"",""1698 Nichols Spurs East Jonathanburgh, PA 56176"",false},"
1032,"Ross, Lopez and Bass",Kevin Craig,+1-548-892-7526x6294,rebecca60@hotmail.com,"00130 Long Fort Apt. 272 Bakershire, CT 25341",TRUE,"{1032,""Ross, Lopez and Bass"",""Kevin Craig"",""+1-548-892-7526x6294"",""rebecca60@hotmail.com"",""00130 Long Fort Apt. 272 Bakershire, CT 25341"",true},"
1033,"Christensen, Smith and Hudson",John Fields,385.081.6728x26522,robertbradley@anderson.org,"5893 Carter Flat Suite 638 North Reginaldside, MN 86468",FALSE,"{1033,""Christensen, Smith and Hudson"",""John Fields"",""385.081.6728x26522"",""robertbradley@anderson.org"",""5893 Carter Flat Suite 638 North Reginaldside, MN 86468"",false},"
1034,Bowman PLC,Kelli Davis,(640)488-9748x074,beanjennifer@hotmail.com,"030 Jerry Port Suite 962 Andreaview, NC 67293",TRUE,"{1034,""Bowman PLC"",""Kelli Davis"",""(640)488-9748x074"",""beanjennifer@hotmail.com"",""030 Jerry Port Suite 962 Andreaview, NC 67293"",true},"
1035,Simon and Sons,Caroline Ross,673-668-6210,angelabush@brandt-robinson.com,"420 Tran Plaza North Lorifurt, WA 14086",TRUE,"{1035,""Simon and Sons"",""Caroline Ross"",""673-668-6210"",""angelabush@brandt-robinson.com"",""420 Tran Plaza North Lorifurt, WA 14086"",true},"
1036,Rodriguez Inc,John Dennis,001-777-192-1015x6452,lori37@yahoo.com,"718 Hays Corners Michaelstad, NC 23150",FALSE,"{1036,""Rodriguez Inc"",""John Dennis"",""001-777-192-1015x6452"",""lori37@yahoo.com"",""718 Hays Corners Michaelstad, NC 23150"",false},"
1037,Smith-Turner,John Gates,452.707.5276,evansmichael@hotmail.com,"62581 Dawn Junctions Suite 871 Justinville, UT 68951",TRUE,"{1037,""Smith-Turner"",""John Gates"",""452.707.5276"",""evansmichael@hotmail.com"",""62581 Dawn Junctions Suite 871 Justinville, UT 68951"",true},"
1038,Garner-Hernandez,Barry Williams,(377)811-9364,renee87@hotmail.com,"569 King Run Madelinefort, NH 12149",FALSE,"{1038,""Garner-Hernandez"",""Barry Williams"",""(377)811-9364"",""renee87@hotmail.com"",""569 King Run Madelinefort, NH 12149"",false},"
1039,"Schwartz, Potts and Wilson",Kimberly Williams,628-426-4268x2806,bryan67@gmail.com,"8337 Lynch Harbors Suite 899 South Michaelmouth, GA 86737",TRUE,"{1039,""Schwartz, Potts and Wilson"",""Kimberly Williams"",""628-426-4268x2806"",""bryan67@gmail.com"",""8337 Lynch Harbors Suite 899 South Michaelmouth, GA 86737"",true},"
1040,Jones Ltd,Lance Santiago,520.321.9953x287,daniel55@taylor.com,"775 Robert View Apt. 742 North Mark, FL 59547",TRUE,"{1040,""Jones Ltd"",""Lance Santiago"",""520.321.9953x287"",""daniel55@taylor.com"",""775 Robert View Apt. 742 North Mark, FL 59547"",true},"
1041,"Manning, Ramirez and Browning",Ryan Mccormick,(250)849-4820x89491,hmurphy@hotmail.com,"74243 Sean Mill Suite 695 Crystalside, KS 78583",TRUE,"{1041,""Manning, Ramirez and Browning"",""Ryan Mccormick"",""(250)849-4820x89491"",""hmurphy@hotmail.com"",""74243 Sean Mill Suite 695 Crystalside, KS 78583"",true},"
1042,"Smith, Alvarez and Thompson",Roy Howell,589-640-9455,whitebrendan@hotmail.com,"733 Smith Flats Suite 160 Justinville, MT 21972",FALSE,"{1042,""Smith, Alvarez and Thompson"",""Roy Howell"",""589-640-9455"",""whitebrendan@hotmail.com"",""733 Smith Flats Suite 160 Justinville, MT 21972"",false},"
1043,Mercado-Carter,Michael Beck,671.518.5368,dustin85@perez.biz,"980 Mason Dale Daltonmouth, WI 52613",TRUE,"{1043,""Mercado-Carter"",""Michael Beck"",""671.518.5368"",""dustin85@perez.biz"",""980 Mason Dale Daltonmouth, WI 52613"",true},"
1044,"Pierce, Norton and Mitchell",Angela Jones,925.767.4858,amberyoung@bradley.com,"093 Adams Pine North Monicaport, OR 23377",TRUE,"{1044,""Pierce, Norton and Mitchell"",""Angela Jones"",""925.767.4858"",""amberyoung@bradley.com"",""093 Adams Pine North Monicaport, OR 23377"",true},"
1045,Moreno Inc,Jacob Davis,765-489-5307x8389,robertsontravis@benton.info,"030 Banks Via Floresside, GA 56207",TRUE,"{1045,""Moreno Inc"",""Jacob Davis"",""765-489-5307x8389"",""robertsontravis@benton.info"",""030 Banks Via Floresside, GA 56207"",true},"
1046,Cooper-Aguirre,Andrew Rivera,001-995-746-7499x07264,stacywebb@thompson-jackson.org,"8578 Jamie Court East Keith, NC 35552",FALSE,"{1046,""Cooper-Aguirre"",""Andrew Rivera"",""001-995-746-7499x07264"",""stacywebb@thompson-jackson.org"",""8578 Jamie Court East Keith, NC 35552"",false},"
1047,"Gibson, Reed and Willis",Kyle Wilson,(112)463-8562,paynesteven@gmail.com,"461 Wilkins Junctions Nguyenborough, MA 26017",FALSE,"{1047,""Gibson, Reed and Willis"",""Kyle Wilson"",""(112)463-8562"",""paynesteven@gmail.com"",""461 Wilkins Junctions Nguyenborough, MA 26017"",false},"
1048,Williams LLC,Jillian Lopez,+1-151-481-1854x4052,davidbates@gmail.com,Unit 2096 Box 3566 DPO AE 80263,TRUE,"{1048,""Williams LLC"",""Jillian Lopez"",""+1-151-481-1854x4052"",""davidbates@gmail.com"",""Unit 2096 Box 3566 DPO AE 80263"",true},"
1049,Hunter-Garcia,Erin Beltran,001-382-743-5520x317,willie46@gmail.com,"7837 Kathleen Key Suite 592 Marieborough, CO 24070",TRUE,"{1049,""Hunter-Garcia"",""Erin Beltran"",""001-382-743-5520x317"",""willie46@gmail.com"",""7837 Kathleen Key Suite 592 Marieborough, CO 24070"",true},"
1050,"Hamilton, Webb and Hansen",Christine Braun,846-823-5044x59047,eyoung@hotmail.com,"77286 Thomas Pass Ariasfurt, AL 67676",TRUE,"{1050,""Hamilton, Webb and Hansen"",""Christine Braun"",""846-823-5044x59047"",""eyoung@hotmail.com"",""77286 Thomas Pass Ariasfurt, AL 67676"",true},"
1051,Williams-Hernandez,Mary Soto,146-105-2054x4246,gwhite@holmes.org,"6896 Karen Parks Suite 501 Suzannehaven, DE 41857",TRUE,"{1051,""Williams-Hernandez"",""Mary Soto"",""146-105-2054x4246"",""gwhite@holmes.org"",""6896 Karen Parks Suite 501 Suzannehaven, DE 41857"",true},"
1052,Alvarado Inc,Virginia Flores DVM,(594)189-7265x79881,sarah55@yahoo.com,"8028 Dominguez Road Suite 829 East Paulaburgh, MA 38896",TRUE,"{1052,""Alvarado Inc"",""Virginia Flores DVM"",""(594)189-7265x79881"",""sarah55@yahoo.com"",""8028 Dominguez Road Suite 829 East Paulaburgh, MA 38896"",true},"
1053,Mccarthy PLC,Steven Moore,(274)900-8486x4732,bowmanlisa@griffin.com,"4039 Hall Ridges Robbinsstad, DC 16058",TRUE,"{1053,""Mccarthy PLC"",""Steven Moore"",""(274)900-8486x4732"",""bowmanlisa@griffin.com"",""4039 Hall Ridges Robbinsstad, DC 16058"",true},"
1054,Hill-Kirby,Gregory Newman,+1-527-138-1387x894,lesliebailey@hotmail.com,"7710 Bobby Island Apt. 216 Robinsonton, WV 72074",TRUE,"{1054,""Hill-Kirby"",""Gregory Newman"",""+1-527-138-1387x894"",""lesliebailey@hotmail.com"",""7710 Bobby Island Apt. 216 Robinsonton, WV 72074"",true},"
1055,"Brown, Ross and Hamilton",Maria Dillon,3688041550,christopherlopez@johnston.com,Unit 6340 Box 8148 DPO AP 60068,TRUE,"{1055,""Brown, Ross and Hamilton"",""Maria Dillon"",""3688041550"",""christopherlopez@johnston.com"",""Unit 6340 Box 8148 DPO AP 60068"",true},"
1056,"Fuller, Rodriguez and Doyle",Summer Cohen,(022)176-2375x778,stephen13@gmail.com,"926 Jimenez Pine Jimenezfort, CA 37849",TRUE,"{1056,""Fuller, Rodriguez and Doyle"",""Summer Cohen"",""(022)176-2375x778"",""stephen13@gmail.com"",""926 Jimenez Pine Jimenezfort, CA 37849"",true},"
1057,"Oconnor, Silva and Peterson",Felicia Gonzalez,001-569-787-2915x3119,singletonchristopher@yahoo.com,"6256 Thomas Club Glennshire, IL 83011",TRUE,"{1057,""Oconnor, Silva and Peterson"",""Felicia Gonzalez"",""001-569-787-2915x3119"",""singletonchristopher@yahoo.com"",""6256 Thomas Club Glennshire, IL 83011"",true},"
1058,Jackson-Green,Philip Armstrong,001-550-301-8051x01154,timothy47@moore-jones.com,"453 Jason Trace Suite 706 North Marcusberg, TX 87528",TRUE,"{1058,""Jackson-Green"",""Philip Armstrong"",""001-550-301-8051x01154"",""timothy47@moore-jones.com"",""453 Jason Trace Suite 706 North Marcusberg, TX 87528"",true},"
1059,Smith-Wallace,Larry Ross,257.159.0398,dsmith@freeman-williams.com,"4344 Heath Plains Apt. 638 Solisville, KY 21389",TRUE,"{1059,""Smith-Wallace"",""Larry Ross"",""257.159.0398"",""dsmith@freeman-williams.com"",""4344 Heath Plains Apt. 638 Solisville, KY 21389"",true},"
1060,"Lopez, Anderson and Hill",Julie Thompson,001-051-787-8428x40251,vmoreno@hotmail.com,"44869 Parks Plains Apt. 542 Stevenfort, OR 11441",TRUE,"{1060,""Lopez, Anderson and Hill"",""Julie Thompson"",""001-051-787-8428x40251"",""vmoreno@hotmail.com"",""44869 Parks Plains Apt. 542 Stevenfort, OR 11441"",true},"
1061,"Tate, Sanchez and Hernandez",Aaron Johnson,016-954-8997x53227,moyernicolas@hotmail.com,"818 Robert View Robinsonhaven, NE 14512",FALSE,"{1061,""Tate, Sanchez and Hernandez"",""Aaron Johnson"",""016-954-8997x53227"",""moyernicolas@hotmail.com"",""818 Robert View Robinsonhaven, NE 14512"",false},"
1062,Conway-Williams,Ashley Morales,019-383-4746x269,alvaradojill@gmail.com,"5819 Obrien Park Apt. 636 Andersonfort, VA 65575",TRUE,"{1062,""Conway-Williams"",""Ashley Morales"",""019-383-4746x269"",""alvaradojill@gmail.com"",""5819 Obrien Park Apt. 636 Andersonfort, VA 65575"",true},"
1063,"Gomez, Herrera and Massey",Mrs. Mary Barnes MD,+1-866-904-7033x85946,devin96@casey.net,"42196 Kyle Orchard Apt. 229 Jacksonhaven, ME 82197",FALSE,"{1063,""Gomez, Herrera and Massey"",""Mrs. Mary Barnes MD"",""+1-866-904-7033x85946"",""devin96@casey.net"",""42196 Kyle Orchard Apt. 229 Jacksonhaven, ME 82197"",false},"
1064,Flowers Ltd,Susan Roberts,136-896-7753,williamgibson@hotmail.com,"382 John Port Pamelahaven, GA 49921",TRUE,"{1064,""Flowers Ltd"",""Susan Roberts"",""136-896-7753"",""williamgibson@hotmail.com"",""382 John Port Pamelahaven, GA 49921"",true},"
1065,Williams and Sons,Brittney Montgomery,188.138.4857,thomaswhitney@hotmail.com,"2514 Harris Meadow Lake Christopher, MN 92898",FALSE,"{1065,""Williams and Sons"",""Brittney Montgomery"",""188.138.4857"",""thomaswhitney@hotmail.com"",""2514 Harris Meadow Lake Christopher, MN 92898"",false},"
1066,"Flores, Gonzalez and Williams",David Myers,441-843-4714,yolandaanderson@yahoo.com,"35912 Teresa Trafficway Suite 553 Jenniferchester, ND 58047",TRUE,"{1066,""Flores, Gonzalez and Williams"",""David Myers"",""441-843-4714"",""yolandaanderson@yahoo.com"",""35912 Teresa Trafficway Suite 553 Jenniferchester, ND 58047"",true},"
1067,"Thomas, Reeves and Calderon",Daniel Carpenter,1515291103,abigailolson@hotmail.com,"6976 Matthews Junctions Apt. 377 East Edward, HI 72866",FALSE,"{1067,""Thomas, Reeves and Calderon"",""Daniel Carpenter"",""1515291103"",""abigailolson@hotmail.com"",""6976 Matthews Junctions Apt. 377 East Edward, HI 72866"",false},"
1068,"Mejia, Taylor and Turner",Judy Buchanan,439.610.7487x886,farleymichelle@hotmail.com,"3927 Rhonda Squares Port Lynnland, MA 85419",TRUE,"{1068,""Mejia, Taylor and Turner"",""Judy Buchanan"",""439.610.7487x886"",""farleymichelle@hotmail.com"",""3927 Rhonda Squares Port Lynnland, MA 85419"",true},"
1069,Ritter-Beck,Melissa Scott,478.536.8219x0698,gruiz@hotmail.com,"6004 Sylvia Expressway Apt. 450 Yvonnechester, FL 34323",TRUE,"{1069,""Ritter-Beck"",""Melissa Scott"",""478.536.8219x0698"",""gruiz@hotmail.com"",""6004 Sylvia Expressway Apt. 450 Yvonnechester, FL 34323"",true},"
1070,"Walker, White and Hensley",Jeffrey Morris,1646180123,willisrussell@kennedy.info,"57454 Melissa Shoals New Markburgh, WV 39432",FALSE,"{1070,""Walker, White and Hensley"",""Jeffrey Morris"",""1646180123"",""willisrussell@kennedy.info"",""57454 Melissa Shoals New Markburgh, WV 39432"",false},"
1071,Shannon Group,Jack Jones,+1-285-526-6152x23404,irodriguez@montes.org,"24094 Denise Park Smithmouth, NE 75115",FALSE,"{1071,""Shannon Group"",""Jack Jones"",""+1-285-526-6152x23404"",""irodriguez@montes.org"",""24094 Denise Park Smithmouth, NE 75115"",false},"
1072,Daniels LLC,Jacob Butler,001-165-989-3683,julie22@dudley.net,"13765 Tara Valleys Apt. 516 Carolynhaven, CA 06771",TRUE,"{1072,""Daniels LLC"",""Jacob Butler"",""001-165-989-3683"",""julie22@dudley.net"",""13765 Tara Valleys Apt. 516 Carolynhaven, CA 06771"",true},"
1073,Gallegos-Green,Rebecca Jordan,(111)925-5736,gmcclain@gmail.com,"798 Janet Port Apt. 736 Boyerfurt, MA 67983",TRUE,"{1073,""Gallegos-Green"",""Rebecca Jordan"",""(111)925-5736"",""gmcclain@gmail.com"",""798 Janet Port Apt. 736 Boyerfurt, MA 67983"",true},"
1074,Lopez-Stein,Hannah Smith,235.335.7218,collinsjasmine@gmail.com,"2854 Luis Plains Apt. 805 Johnberg, WA 51680",TRUE,"{1074,""Lopez-Stein"",""Hannah Smith"",""235.335.7218"",""collinsjasmine@gmail.com"",""2854 Luis Plains Apt. 805 Johnberg, WA 51680"",true},"
1075,Fisher LLC,Joseph Robles,591.878.1338x3049,ashley58@yahoo.com,"046 Ramos Flat Apt. 152 Hansonside, VA 19858",FALSE,"{1075,""Fisher LLC"",""Joseph Robles"",""591.878.1338x3049"",""ashley58@yahoo.com"",""046 Ramos Flat Apt. 152 Hansonside, VA 19858"",false},"
1076,Sandoval-Howard,Michael Brown,(250)674-6327x59477,pereznichole@flowers.com,"096 James Expressway Nicolestad, PA 26918",FALSE,"{1076,""Sandoval-Howard"",""Michael Brown"",""(250)674-6327x59477"",""pereznichole@flowers.com"",""096 James Expressway Nicolestad, PA 26918"",false},"
1077,Wong-Johns,Mr. Billy Robinson Jr.,+1-072-956-9006x4834,njohnson@yahoo.com,"3080 Patrick Islands New Sarashire, VA 74159",TRUE,"{1077,""Wong-Johns"",""Mr. Billy Robinson Jr."",""+1-072-956-9006x4834"",""njohnson@yahoo.com"",""3080 Patrick Islands New Sarashire, VA 74159"",true},"
1078,Haynes PLC,Cheyenne Gonzalez,001-344-803-5988x920,kguerrero@gmail.com,"334 Lindsey Courts Jamesstad, SD 41120",FALSE,"{1078,""Haynes PLC"",""Cheyenne Gonzalez"",""001-344-803-5988x920"",""kguerrero@gmail.com"",""334 Lindsey Courts Jamesstad, SD 41120"",false},"
1079,Torres Ltd,Mr. Johnny Walker,+1-231-741-8179x61142,pmason@hotmail.com,"14686 Charles Spur Apt. 845 Weaverland, MA 99888",TRUE,"{1079,""Torres Ltd"",""Mr. Johnny Walker"",""+1-231-741-8179x61142"",""pmason@hotmail.com"",""14686 Charles Spur Apt. 845 Weaverland, MA 99888"",true},"
1080,Collins-Hunter,Diana Mitchell,(915)892-8784,holmesjeremy@yahoo.com,"0797 Horton Gateway Suite 749 North Patrickstad, MT 74796",TRUE,"{1080,""Collins-Hunter"",""Diana Mitchell"",""(915)892-8784"",""holmesjeremy@yahoo.com"",""0797 Horton Gateway Suite 749 North Patrickstad, MT 74796"",true},"
1081,Bruce Ltd,Deborah White,245-815-0887,jonesmathew@yahoo.com,"95002 Julia Shoal Apt. 116 Haynesside, HI 80912",FALSE,"{1081,""Bruce Ltd"",""Deborah White"",""245-815-0887"",""jonesmathew@yahoo.com"",""95002 Julia Shoal Apt. 116 Haynesside, HI 80912"",false},"
1082,Gilmore LLC,Susan Aguilar,(790)318-6083,kimberly24@smith.com,"07522 Cynthia Point North Lisastad, HI 06866",TRUE,"{1082,""Gilmore LLC"",""Susan Aguilar"",""(790)318-6083"",""kimberly24@smith.com"",""07522 Cynthia Point North Lisastad, HI 06866"",true},"
1083,Mccoy-Charles,Frederick Blake,+1-918-107-8278x88872,lawrenceashley@gmail.com,"026 Michelle Trafficway Sherriton, IN 30231",FALSE,"{1083,""Mccoy-Charles"",""Frederick Blake"",""+1-918-107-8278x88872"",""lawrenceashley@gmail.com"",""026 Michelle Trafficway Sherriton, IN 30231"",false},"
1084,Spencer-Mcgrath,Megan Smith,001-329-392-9939,griffithandrea@stokes-taylor.biz,"62987 Sara Plains Apt. 324 West Stephanieberg, IN 15967",FALSE,"{1084,""Spencer-Mcgrath"",""Megan Smith"",""001-329-392-9939"",""griffithandrea@stokes-taylor.biz"",""62987 Sara Plains Apt. 324 West Stephanieberg, IN 15967"",false},"
1085,Eaton-Strickland,Vanessa Oneal,(513)311-9196x111,james04@miller.net,"59807 Roberts Freeway Suite 482 Leeborough, MT 29049",TRUE,"{1085,""Eaton-Strickland"",""Vanessa Oneal"",""(513)311-9196x111"",""james04@miller.net"",""59807 Roberts Freeway Suite 482 Leeborough, MT 29049"",true},"
1086,"Romero, Newman and Mitchell",Kevin Rosario,+1-296-426-7502x9704,courtney23@yahoo.com,"66003 Harmon Land Apt. 047 East Kenneth, NJ 75388",TRUE,"{1086,""Romero, Newman and Mitchell"",""Kevin Rosario"",""+1-296-426-7502x9704"",""courtney23@yahoo.com"",""66003 Harmon Land Apt. 047 East Kenneth, NJ 75388"",true},"
1087,"Adams, Franco and Harris",Sara Buchanan,(594)910-7646x088,jonesemily@williams.com,"7599 Marquez Keys Lake Stephenton, NY 84677",FALSE,"{1087,""Adams, Franco and Harris"",""Sara Buchanan"",""(594)910-7646x088"",""jonesemily@williams.com"",""7599 Marquez Keys Lake Stephenton, NY 84677"",false},"
1088,"Barajas, Tran and Ferguson",Kenneth English,586-457-5318x479,ngilbert@hotmail.com,"508 Heath Bridge Suite 011 West Teresa, HI 61767",TRUE,"{1088,""Barajas, Tran and Ferguson"",""Kenneth English"",""586-457-5318x479"",""ngilbert@hotmail.com"",""508 Heath Bridge Suite 011 West Teresa, HI 61767"",true},"
1089,Decker LLC,Tara Campos,001-040-693-5620x04679,nathan60@hotmail.com,"333 Martinez Forges North Eric, VT 20228",TRUE,"{1089,""Decker LLC"",""Tara Campos"",""001-040-693-5620x04679"",""nathan60@hotmail.com"",""333 Martinez Forges North Eric, VT 20228"",true},"
1090,Cole-Barnes,Jacob Williams,001-350-936-2261x0856,stephanie37@gmail.com,"496 Cox Motorway Lake John, VA 86105",FALSE,"{1090,""Cole-Barnes"",""Jacob Williams"",""001-350-936-2261x0856"",""stephanie37@gmail.com"",""496 Cox Motorway Lake John, VA 86105"",false},"
1091,"Webb, Brooks and Davis",Jeffrey Robles,001-048-612-1240x26933,qrodriguez@hotmail.com,"7247 Thomas Square Suite 402 Caldwellfurt, NJ 98129",TRUE,"{1091,""Webb, Brooks and Davis"",""Jeffrey Robles"",""001-048-612-1240x26933"",""qrodriguez@hotmail.com"",""7247 Thomas Square Suite 402 Caldwellfurt, NJ 98129"",true},"
1092,"Torres, Chandler and Church",Patricia Frank,001-086-139-3335x9101,walexander@gmail.com,"266 Welch Vista Jenniferborough, SD 36921",TRUE,"{1092,""Torres, Chandler and Church"",""Patricia Frank"",""001-086-139-3335x9101"",""walexander@gmail.com"",""266 Welch Vista Jenniferborough, SD 36921"",true},"
1093,Burgess and Sons,Michael Liu,4241990425,brownalexander@underwood.com,"7885 Alicia Harbor Suite 280 Timothymouth, AR 10035",TRUE,"{1093,""Burgess and Sons"",""Michael Liu"",""4241990425"",""brownalexander@underwood.com"",""7885 Alicia Harbor Suite 280 Timothymouth, AR 10035"",true},"
1094,Rogers Group,Monique Herman,(608)248-3586x045,jobrien@yahoo.com,USNS Saunders FPO AP 08753,TRUE,"{1094,""Rogers Group"",""Monique Herman"",""(608)248-3586x045"",""jobrien@yahoo.com"",""USNS Saunders FPO AP 08753"",true},"
1095,"Robinson, Lynch and Fleming",Joseph Hill,364.770.0967x3335,patricia95@washington.com,"6231 Mcdowell Ports East Ericland, WI 88458",FALSE,"{1095,""Robinson, Lynch and Fleming"",""Joseph Hill"",""364.770.0967x3335"",""patricia95@washington.com"",""6231 Mcdowell Ports East Ericland, WI 88458"",false},"
1096,Moore Group,Mr. Dustin Adams,+1-894-934-8745x154,melaniestevens@yahoo.com,"PSC 7930, Box 6105 APO AA 71572",TRUE,"{1096,""Moore Group"",""Mr. Dustin Adams"",""+1-894-934-8745x154"",""melaniestevens@yahoo.com"",""PSC 7930, Box 6105 APO AA 71572"",true},"
1097,"Hernandez, Bradley and Reeves",Cody Butler,+1-230-772-7296x764,greenanthony@greene-smith.net,"60371 Bowers Port West Lisaport, NC 90922",TRUE,"{1097,""Hernandez, Bradley and Reeves"",""Cody Butler"",""+1-230-772-7296x764"",""greenanthony@greene-smith.net"",""60371 Bowers Port West Lisaport, NC 90922"",true},"
1098,"Greene, Price and Newton",Kevin Wells,(487)978-4589,terribauer@gmail.com,"8795 Stephanie River Apt. 284 Lake Jeffreychester, AR 86616",TRUE,"{1098,""Greene, Price and Newton"",""Kevin Wells"",""(487)978-4589"",""terribauer@gmail.com"",""8795 Stephanie River Apt. 284 Lake Jeffreychester, AR 86616"",true},"
1099,Tran-Mitchell,Richard Macias,225-742-0464x60974,waynetucker@fernandez.com,"PSC 1590, Box 1302 APO AE 01948",TRUE,"{1099,""Tran-Mitchell"",""Richard Macias"",""225-742-0464x60974"",""waynetucker@fernandez.com"",""PSC 1590, Box 1302 APO AE 01948"",true},"
1100,Marsh Inc,Troy Frazier,001-779-701-2538,bonnie28@yahoo.com,"83724 Ashley Shores Westbury, MD 09648",TRUE,"{1100,""Marsh Inc"",""Troy Frazier"",""001-779-701-2538"",""bonnie28@yahoo.com"",""83724 Ashley Shores Westbury, MD 09648"",true},"
